danceability,energy,key,loudness,mode,speechiness,acousticness,instrumentalness,liveness,valence,tempo,id,track_href,analysis_url,duration_ms,time_signature,name,artist,link,popularity,genres
0.771,0.687,11,-9.814,1,0.0693,0.0318,0.000225,0.89,0.783,118.392,2LlQb7Uoj1kKyGhlkBf9aC,https://api.spotify.com/v1/tracks/2LlQb7Uoj1kKyGhlkBf9aC,https://api.spotify.com/v1/audio-analysis/2LlQb7Uoj1kKyGhlkBf9aC,357800,4,Thriller,Michael Jackson,https://open.spotify.com/track/2LlQb7Uoj1kKyGhlkBf9aC,72,"['r&b', 'soul']"
0.778,0.719,4,-9.698,1,0.0345,0.0123,0.0262,0.297,0.729,115.4,569uHYIB0X324FZOBEhvit,https://api.spotify.com/v1/tracks/569uHYIB0X324FZOBEhvit,https://api.spotify.com/v1/audio-analysis/569uHYIB0X324FZOBEhvit,239133,4,Ghostbusters,Ray Parker Jr.,https://open.spotify.com/track/569uHYIB0X324FZOBEhvit,72,[]
0.705,0.712,6,-6.156,1,0.0385,0.0102,0.000855,0.1,0.62,97.512,2Y0iGXY6m6immVb2ktbseM,https://api.spotify.com/v1/tracks/2Y0iGXY6m6immVb2ktbseM,https://api.spotify.com/v1/audio-analysis/2Y0iGXY6m6immVb2ktbseM,299960,4,Little Dark Age,MGMT,https://open.spotify.com/track/2Y0iGXY6m6immVb2ktbseM,83,"['alternative rock', 'indie rock', 'indietronica', 'modern rock', 'rock']"
0.692,0.711,0,-7.498,0,0.0317,0.225,0.0,0.12,0.875,125.135,1TfqLAPs4K3s2rJMoCokcS,https://api.spotify.com/v1/tracks/1TfqLAPs4K3s2rJMoCokcS,https://api.spotify.com/v1/audio-analysis/1TfqLAPs4K3s2rJMoCokcS,216933,4,Sweet Dreams (Are Made of This) - Remastered,Eurythmics,https://open.spotify.com/track/1TfqLAPs4K3s2rJMoCokcS,85,"['dance rock', 'new romantic', 'new wave', 'new wave pop', 'soft rock', 'sophisti-pop', 'synthpop']"
0.483,0.579,5,-13.923,1,0.116,0.481,0.00141,0.242,0.891,122.527,2hEwjc5DZVPcC4cVVBuMr5,https://api.spotify.com/v1/tracks/2hEwjc5DZVPcC4cVVBuMr5,https://api.spotify.com/v1/audio-analysis/2hEwjc5DZVPcC4cVVBuMr5,140680,4,(You're The) Devil In Disguise,Elvis Presley,https://open.spotify.com/track/2hEwjc5DZVPcC4cVVBuMr5,54,"['rock-and-roll', 'rockabilly']"
0.774,0.838,5,-3.914,0,0.114,0.0249,0.025,0.242,0.924,143.04,6I9VzXrHxO9rA9A5euc8Ak,https://api.spotify.com/v1/tracks/6I9VzXrHxO9rA9A5euc8Ak,https://api.spotify.com/v1/audio-analysis/6I9VzXrHxO9rA9A5euc8Ak,198800,4,Toxic,Britney Spears,https://open.spotify.com/track/6I9VzXrHxO9rA9A5euc8Ak,85,"['dance pop', 'pop']"
0.853,0.981,8,-3.947,1,0.0751,0.247,0.468,0.306,0.595,118.193,2bCQHF9gdG5BNDVuEIEnNk,https://api.spotify.com/v1/tracks/2bCQHF9gdG5BNDVuEIEnNk,https://api.spotify.com/v1/audio-analysis/2bCQHF9gdG5BNDVuEIEnNk,257760,4,Smooth Criminal - 2012 Remaster,Michael Jackson,https://open.spotify.com/track/2bCQHF9gdG5BNDVuEIEnNk,78,"['r&b', 'soul']"
0.834,0.73,8,-3.714,1,0.222,0.00513,0.0,0.124,0.446,155.008,2xLMifQCjDGFmkHkpNLD9h,https://api.spotify.com/v1/tracks/2xLMifQCjDGFmkHkpNLD9h,https://api.spotify.com/v1/audio-analysis/2xLMifQCjDGFmkHkpNLD9h,312820,4,SICKO MODE,Travis Scott,https://open.spotify.com/track/2xLMifQCjDGFmkHkpNLD9h,86,"['hip hop', 'rap', 'slap house']"
0.847,0.843,5,-3.579,0,0.106,0.415,0.000134,0.107,0.963,110.027,6ldwfK0yWgTAlmIfuQkTYN,https://api.spotify.com/v1/tracks/6ldwfK0yWgTAlmIfuQkTYN,https://api.spotify.com/v1/audio-analysis/6ldwfK0yWgTAlmIfuQkTYN,203600,4,I'm a Slave 4 U,Britney Spears,https://open.spotify.com/track/6ldwfK0yWgTAlmIfuQkTYN,73,"['dance pop', 'pop']"
0.594,0.889,5,-7.775,1,0.246,0.768,0.0,0.124,0.8,116.187,1zW2csx1vVJrKfvDrFQNVt,https://api.spotify.com/v1/tracks/1zW2csx1vVJrKfvDrFQNVt,https://api.spotify.com/v1/audio-analysis/1zW2csx1vVJrKfvDrFQNVt,221704,4,Jump in the Line,Harry Belafonte,https://open.spotify.com/track/1zW2csx1vVJrKfvDrFQNVt,68,['calypso']
0.807,0.741,1,-4.472,1,0.083,0.0135,0.0316,0.06,0.558,108.989,11lw4bWbmxWIETHitBU0Gc,https://api.spotify.com/v1/tracks/11lw4bWbmxWIETHitBU0Gc,https://api.spotify.com/v1/audio-analysis/11lw4bWbmxWIETHitBU0Gc,253000,4,Blood on the Dance Floor,Michael Jackson,https://open.spotify.com/track/11lw4bWbmxWIETHitBU0Gc,63,"['r&b', 'soul']"
0.313,0.533,1,-9.416,0,0.166,0.103,0.00635,0.507,0.311,66.93,7cioKB5CHVzk09SOtTyn0T,https://api.spotify.com/v1/tracks/7cioKB5CHVzk09SOtTyn0T,https://api.spotify.com/v1/audio-analysis/7cioKB5CHVzk09SOtTyn0T,369040,4,Haunted,Beyoncé,https://open.spotify.com/track/7cioKB5CHVzk09SOtTyn0T,61,"['pop', 'r&b']"
0.592,0.917,11,-3.022,1,0.0596,0.00149,0.0474,0.328,0.45,125.076,2SrGtpbPh7czhWKGmXk8Aw,https://api.spotify.com/v1/tracks/2SrGtpbPh7czhWKGmXk8Aw,https://api.spotify.com/v1/audio-analysis/2SrGtpbPh7czhWKGmXk8Aw,300973,4,Thriller (Steve Aoki Midnight Hour Remix),Michael Jackson,https://open.spotify.com/track/2SrGtpbPh7czhWKGmXk8Aw,64,"['r&b', 'soul']"
0.828,0.915,4,-4.369,0,0.155,0.0527,5.3e-05,0.634,0.782,103.219,7s51HyYKRGWqkH1UWnApHh,https://api.spotify.com/v1/tracks/7s51HyYKRGWqkH1UWnApHh,https://api.spotify.com/v1/audio-analysis/7s51HyYKRGWqkH1UWnApHh,312467,4,Ghosts,Michael Jackson,https://open.spotify.com/track/7s51HyYKRGWqkH1UWnApHh,61,"['r&b', 'soul']"
0.614,0.682,11,-4.117,0,0.102,0.387,0.0,0.134,0.566,100.202,2H881m3JRA8lpuuwaQL6zy,https://api.spotify.com/v1/tracks/2H881m3JRA8lpuuwaQL6zy,https://api.spotify.com/v1/audio-analysis/2H881m3JRA8lpuuwaQL6zy,169853,4,No Fear,DeJ Loaf,https://open.spotify.com/track/2H881m3JRA8lpuuwaQL6zy,64,"['detroit hip hop', 'r&b', 'trap', 'trap queen']"
0.612,0.807,10,-2.81,1,0.0336,0.0495,0.0177,0.101,0.398,124.053,2QjOHCTQ1Jl3zawyYOpxh6,https://api.spotify.com/v1/tracks/2QjOHCTQ1Jl3zawyYOpxh6,https://api.spotify.com/v1/audio-analysis/2QjOHCTQ1Jl3zawyYOpxh6,240400,4,Sweater Weather,The Neighbourhood,https://open.spotify.com/track/2QjOHCTQ1Jl3zawyYOpxh6,93,"['modern alternative rock', 'modern rock', 'pop', 'pov: indie']"
0.683,0.74,11,-6.041,0,0.0462,0.00228,0.0,0.238,0.65,129.515,7qHAjAL7CpadaZLamuBZRm,https://api.spotify.com/v1/tracks/7qHAjAL7CpadaZLamuBZRm,https://api.spotify.com/v1/audio-analysis/7qHAjAL7CpadaZLamuBZRm,281773,4,Thuggish Ruggish Bone,Bone Thugs-N-Harmony,https://open.spotify.com/track/7qHAjAL7CpadaZLamuBZRm,71,"['gangster rap', 'hip hop', 'ohio hip hop', 'rap']"
0.742,0.595,9,-7.51,1,0.107,0.15,0.0,0.111,0.431,101.013,3jVtllWS5CFFWLQng8sKsr,https://api.spotify.com/v1/tracks/3jVtllWS5CFFWLQng8sKsr,https://api.spotify.com/v1/audio-analysis/3jVtllWS5CFFWLQng8sKsr,227000,4,2 On (feat. ScHoolboy Q),Tinashe,https://open.spotify.com/track/3jVtllWS5CFFWLQng8sKsr,75,"['alternative r&b', 'dance pop', 'metropopolis', 'pop', 'r&b', 'urban contemporary']"
0.694,0.825,1,-5.986,1,0.111,0.0895,1.86e-05,0.0618,0.788,121.949,1FKxKGONukVFXWVJxAKmlz,https://api.spotify.com/v1/tracks/1FKxKGONukVFXWVJxAKmlz,https://api.spotify.com/v1/audio-analysis/1FKxKGONukVFXWVJxAKmlz,208067,4,Sweet Dreams,Beyoncé,https://open.spotify.com/track/1FKxKGONukVFXWVJxAKmlz,67,"['pop', 'r&b']"
0.944,0.613,10,-5.999,0,0.291,0.00818,0.0,0.0893,0.328,120.102,6e9biVAugkOfydEN8OiJpi,https://api.spotify.com/v1/tracks/6e9biVAugkOfydEN8OiJpi,https://api.spotify.com/v1/audio-analysis/6e9biVAugkOfydEN8OiJpi,170156,4,Pose (feat. Lil Uzi Vert),Yo Gotti,https://open.spotify.com/track/6e9biVAugkOfydEN8OiJpi,55,"['dirty south rap', 'gangster rap', 'memphis hip hop', 'rap', 'southern hip hop', 'tennessee hip hop', 'trap']"
0.645,0.938,11,-4.557,0,0.0391,0.0946,0.0226,0.159,0.495,140.886,3td69vL9Py7Ai9wfXYnvji,https://api.spotify.com/v1/tracks/3td69vL9Py7Ai9wfXYnvji,https://api.spotify.com/v1/audio-analysis/3td69vL9Py7Ai9wfXYnvji,263880,4,When You Die,MGMT,https://open.spotify.com/track/3td69vL9Py7Ai9wfXYnvji,68,"['alternative rock', 'indie rock', 'indietronica', 'modern rock', 'rock']"
0.856,0.609,0,-7.223,1,0.0824,0.00801,8.15e-05,0.0344,0.928,114.988,32OlwWuMpZ6b0aN2RZOeMS,https://api.spotify.com/v1/tracks/32OlwWuMpZ6b0aN2RZOeMS,https://api.spotify.com/v1/audio-analysis/32OlwWuMpZ6b0aN2RZOeMS,269667,4,Uptown Funk (feat. Bruno Mars),Mark Ronson,https://open.spotify.com/track/32OlwWuMpZ6b0aN2RZOeMS,86,['pop soul']
0.833,0.434,2,-8.795,1,0.431,0.0102,0.0219,0.165,0.281,150.062,0VgkVdmE4gld66l8iyGjgx,https://api.spotify.com/v1/tracks/0VgkVdmE4gld66l8iyGjgx,https://api.spotify.com/v1/audio-analysis/0VgkVdmE4gld66l8iyGjgx,204600,4,Mask Off,Future,https://open.spotify.com/track/0VgkVdmE4gld66l8iyGjgx,84,"['atl hip hop', 'hip hop', 'rap', 'southern hip hop', 'trap']"
0.776,0.711,3,-9.03,0,0.0473,0.0242,0.000353,0.234,0.901,138.728,3BovdzfaX4jb5KFQwoPfAw,https://api.spotify.com/v1/tracks/3BovdzfaX4jb5KFQwoPfAw,https://api.spotify.com/v1/audio-analysis/3BovdzfaX4jb5KFQwoPfAw,258400,4,Beat It,Michael Jackson,https://open.spotify.com/track/3BovdzfaX4jb5KFQwoPfAw,78,"['r&b', 'soul']"
0.894,0.791,2,-4.699,1,0.112,0.0183,0.0,0.0388,0.583,105.018,5rb9QrpfcKFHM1EUbSIurX,https://api.spotify.com/v1/tracks/5rb9QrpfcKFHM1EUbSIurX,https://api.spotify.com/v1/audio-analysis/5rb9QrpfcKFHM1EUbSIurX,250373,4,Yeah! (feat. Lil Jon & Ludacris),USHER,https://open.spotify.com/track/5rb9QrpfcKFHM1EUbSIurX,85,"['atl hip hop', 'contemporary r&b', 'dance pop', 'pop', 'r&b', 'rap', 'south carolina hip hop', 'urban contemporary']"
0.88,0.428,9,-8.28,1,0.206,0.149,5.05e-05,0.114,0.333,100.007,7sO5G9EABYOXQKNPNiE9NR,https://api.spotify.com/v1/tracks/7sO5G9EABYOXQKNPNiE9NR,https://api.spotify.com/v1/audio-analysis/7sO5G9EABYOXQKNPNiE9NR,172800,4,Ric Flair Drip (with Metro Boomin),Offset,https://open.spotify.com/track/7sO5G9EABYOXQKNPNiE9NR,86,"['atl hip hop', 'hip hop', 'pop rap', 'rap', 'trap']"
0.884,0.347,8,-8.227,0,0.35,0.015,7e-06,0.0871,0.376,75.016,5eqK0tbzUPo2SoeZsov04s,https://api.spotify.com/v1/tracks/5eqK0tbzUPo2SoeZsov04s,https://api.spotify.com/v1/audio-analysis/5eqK0tbzUPo2SoeZsov04s,220307,4,Bank Account,21 Savage,https://open.spotify.com/track/5eqK0tbzUPo2SoeZsov04s,79,"['atl hip hop', 'hip hop', 'rap']"
0.703,0.594,5,-6.146,0,0.0752,0.342,0.0,0.123,0.475,153.848,1000nHvUdawXuUHgBod4Wv,https://api.spotify.com/v1/tracks/1000nHvUdawXuUHgBod4Wv,https://api.spotify.com/v1/audio-analysis/1000nHvUdawXuUHgBod4Wv,114893,4,Panini,Lil Nas X,https://open.spotify.com/track/1000nHvUdawXuUHgBod4Wv,72,['lgbtq+ hip hop']
0.878,0.821,11,-9.875,1,0.089,0.126,0.0461,0.183,0.947,118.881,46eu3SBuFCXWsPT39Yg3tJ,https://api.spotify.com/v1/tracks/46eu3SBuFCXWsPT39Yg3tJ,https://api.spotify.com/v1/audio-analysis/46eu3SBuFCXWsPT39Yg3tJ,365467,4,Don't Stop 'Til You Get Enough,Michael Jackson,https://open.spotify.com/track/46eu3SBuFCXWsPT39Yg3tJ,77,"['r&b', 'soul']"
0.749,0.605,8,-9.359,0,0.086,0.00186,0.0381,0.115,0.966,142.024,6mz1fBdKATx6qP4oP1I65G,https://api.spotify.com/v1/tracks/6mz1fBdKATx6qP4oP1I65G,https://api.spotify.com/v1/audio-analysis/6mz1fBdKATx6qP4oP1I65G,251733,4,Pony,Ginuwine,https://open.spotify.com/track/6mz1fBdKATx6qP4oP1I65G,74,"['contemporary r&b', 'hip pop', 'r&b', 'urban contemporary']"
0.811,0.458,5,-9.688,0,0.0402,0.0193,1.41e-06,0.0526,0.797,92.94,1aWV3uY3SIEZVbmv45oFWS,https://api.spotify.com/v1/tracks/1aWV3uY3SIEZVbmv45oFWS,https://api.spotify.com/v1/audio-analysis/1aWV3uY3SIEZVbmv45oFWS,268533,4,Creep,TLC,https://open.spotify.com/track/1aWV3uY3SIEZVbmv45oFWS,70,"['atl hip hop', 'contemporary r&b', 'dance pop', 'girl group', 'hip pop', 'r&b', 'urban contemporary']"
0.943,0.708,10,-4.686,1,0.116,0.025,2.34e-05,0.0846,0.581,112.958,3u4RKvwDT3CKeYbjxqXEye,https://api.spotify.com/v1/tracks/3u4RKvwDT3CKeYbjxqXEye,https://api.spotify.com/v1/audio-analysis/3u4RKvwDT3CKeYbjxqXEye,417733,4,Dangerous,Michael Jackson,https://open.spotify.com/track/3u4RKvwDT3CKeYbjxqXEye,61,"['r&b', 'soul']"
0.696,0.454,1,-6.756,0,0.153,0.123,0.0,0.155,0.136,92.928,6XHVuErjQ4XNm6nDPVCxVX,https://api.spotify.com/v1/tracks/6XHVuErjQ4XNm6nDPVCxVX,https://api.spotify.com/v1/audio-analysis/6XHVuErjQ4XNm6nDPVCxVX,260640,4,No Guidance (feat. Drake),Chris Brown,https://open.spotify.com/track/6XHVuErjQ4XNm6nDPVCxVX,80,"['pop rap', 'r&b', 'rap']"
0.755,0.901,9,-3.152,1,0.0893,0.0451,0.0373,0.363,0.959,145.042,2DNdEpV9UnsYjL6w1Dp1aS,https://api.spotify.com/v1/tracks/2DNdEpV9UnsYjL6w1Dp1aS,https://api.spotify.com/v1/audio-analysis/2DNdEpV9UnsYjL6w1Dp1aS,310573,4,That's Not My Name,The Ting Tings,https://open.spotify.com/track/2DNdEpV9UnsYjL6w1Dp1aS,49,"['alternative dance', 'dance-punk', 'electropop', 'neo-synthpop', 'new rave']"
0.648,0.593,10,-6.267,1,0.0509,0.0188,0.0,0.169,0.719,160.984,42qh86p7TLXyumxSHn65kc,https://api.spotify.com/v1/tracks/42qh86p7TLXyumxSHn65kc,https://api.spotify.com/v1/audio-analysis/42qh86p7TLXyumxSHn65kc,245480,4,Party (feat. André 3000),Beyoncé,https://open.spotify.com/track/42qh86p7TLXyumxSHn65kc,63,"['pop', 'r&b']"
0.691,0.524,5,-9.718,1,0.16,0.197,4.29e-05,0.488,0.41,164.047,011ZwIM48eD8ee2UBpG8nK,https://api.spotify.com/v1/tracks/011ZwIM48eD8ee2UBpG8nK,https://api.spotify.com/v1/audio-analysis/011ZwIM48eD8ee2UBpG8nK,392187,4,"12.38 (feat. 21 Savage, Ink & Kadhja Bonet)",Childish Gambino,https://open.spotify.com/track/011ZwIM48eD8ee2UBpG8nK,60,"['atl hip hop', 'hip hop', 'rap']"
0.748,0.737,7,-5.377,1,0.0449,0.0864,0.000121,0.118,0.0859,139.967,1jAoUg7qa9NmEfxds4yhgN,https://api.spotify.com/v1/tracks/1jAoUg7qa9NmEfxds4yhgN,https://api.spotify.com/v1/audio-analysis/1jAoUg7qa9NmEfxds4yhgN,147293,4,Move Me,Charli XCX,https://open.spotify.com/track/1jAoUg7qa9NmEfxds4yhgN,40,"['art pop', 'candy pop', 'metropopolis', 'pop', 'uk pop']"
0.356,0.924,1,-3.74,1,0.0808,0.00101,0.0,0.0953,0.232,148.017,7oK9VyNzrYvRFo7nQEYkWN,https://api.spotify.com/v1/tracks/7oK9VyNzrYvRFo7nQEYkWN,https://api.spotify.com/v1/audio-analysis/7oK9VyNzrYvRFo7nQEYkWN,222587,4,Mr. Brightside,The Killers,https://open.spotify.com/track/7oK9VyNzrYvRFo7nQEYkWN,11,"['alternative rock', 'dance rock', 'modern rock', 'permanent wave', 'rock']"
0.584,0.684,10,-4.314,0,0.567,0.312,9.05e-05,0.112,0.72,210.164,3NRql0A1Ef4RCvT473iqgD,https://api.spotify.com/v1/tracks/3NRql0A1Ef4RCvT473iqgD,https://api.spotify.com/v1/audio-analysis/3NRql0A1Ef4RCvT473iqgD,213573,4,Hell N Back,Bakar,https://open.spotify.com/track/3NRql0A1Ef4RCvT473iqgD,82,['uk alternative hip hop']
0.218,0.576,8,-6.938,1,0.0387,0.0044,0.647,0.184,0.14,185.987,0Xq7FPQaLJgIHSB605YUMy,https://api.spotify.com/v1/tracks/0Xq7FPQaLJgIHSB605YUMy,https://api.spotify.com/v1/audio-analysis/0Xq7FPQaLJgIHSB605YUMy,291440,4,Sweet Dreams (Are Made Of This),Marilyn Manson,https://open.spotify.com/track/0Xq7FPQaLJgIHSB605YUMy,51,"['alternative metal', 'hard rock', 'industrial', 'industrial metal', 'industrial rock', 'nu metal', 'post-grunge', 'rock']"
0.548,0.816,0,-4.209,1,0.0465,0.122,0.0,0.335,0.557,95.39,6UelLqGlWMcVH1E5c4H7lY,https://api.spotify.com/v1/tracks/6UelLqGlWMcVH1E5c4H7lY,https://api.spotify.com/v1/audio-analysis/6UelLqGlWMcVH1E5c4H7lY,174000,4,Watermelon Sugar,Harry Styles,https://open.spotify.com/track/6UelLqGlWMcVH1E5c4H7lY,89,['pop']
0.883,0.657,8,-5.748,1,0.305,0.0603,0.0,0.128,0.284,124.992,1qMMYpVatbRITKCfq1gasi,https://api.spotify.com/v1/tracks/1qMMYpVatbRITKCfq1gasi,https://api.spotify.com/v1/audio-analysis/1qMMYpVatbRITKCfq1gasi,172933,4,PUFFIN ON ZOOTIEZ,Future,https://open.spotify.com/track/1qMMYpVatbRITKCfq1gasi,82,"['atl hip hop', 'hip hop', 'rap', 'southern hip hop', 'trap']"
0.732,0.734,11,-7.968,1,0.0974,0.136,0.000901,0.165,0.488,145.722,6f44p3Kc4ayD9VtbC9Clkr,https://api.spotify.com/v1/tracks/6f44p3Kc4ayD9VtbC9Clkr,https://api.spotify.com/v1/audio-analysis/6f44p3Kc4ayD9VtbC9Clkr,199500,4,"Come On, Let's Go (with Nigo)","Tyler, The Creator",https://open.spotify.com/track/6f44p3Kc4ayD9VtbC9Clkr,66,"['hip hop', 'rap']"
0.885,0.815,1,-10.715,1,0.101,0.0116,0.722,0.105,0.776,127.993,4JRqtYN9tlHygZhNpGmSb0,https://api.spotify.com/v1/tracks/4JRqtYN9tlHygZhNpGmSb0,https://api.spotify.com/v1/audio-analysis/4JRqtYN9tlHygZhNpGmSb0,217539,4,Devil,Albin Myers,https://open.spotify.com/track/4JRqtYN9tlHygZhNpGmSb0,11,"['electro house', 'progressive electro house']"
0.677,0.857,8,-5.144,0,0.103,0.0228,0.261,0.591,0.0955,150.037,21lLamB5MLf4ciNLengwuQ,https://api.spotify.com/v1/tracks/21lLamB5MLf4ciNLengwuQ,https://api.spotify.com/v1/audio-analysis/21lLamB5MLf4ciNLengwuQ,153716,4,PUSHNPULL,Krischvn,https://open.spotify.com/track/21lLamB5MLf4ciNLengwuQ,30,['dubstep']
0.664,0.664,11,-5.606,0,0.0623,0.0829,2.86e-06,0.293,0.449,111.866,4V9pOS5miVOLE3YRAaoOiC,https://api.spotify.com/v1/tracks/4V9pOS5miVOLE3YRAaoOiC,https://api.spotify.com/v1/audio-analysis/4V9pOS5miVOLE3YRAaoOiC,204827,4,Nowhere To Go,Hayden James,https://open.spotify.com/track/4V9pOS5miVOLE3YRAaoOiC,49,"['aussietronica', 'gauze pop', 'house']"
0.835,0.859,1,-2.502,1,0.0755,0.0284,0.00466,0.238,0.0708,107.972,1yNd26q6GkNRcpfBeeWJ0g,https://api.spotify.com/v1/tracks/1yNd26q6GkNRcpfBeeWJ0g,https://api.spotify.com/v1/audio-analysis/1yNd26q6GkNRcpfBeeWJ0g,186684,4,Ketamine,Krischvn,https://open.spotify.com/track/1yNd26q6GkNRcpfBeeWJ0g,0,['dubstep']
0.581,0.993,9,-1.924,1,0.203,0.00127,0.511,0.134,0.347,160.04,7lOZOXA3QVgyvzEg9Ch8S0,https://api.spotify.com/v1/tracks/7lOZOXA3QVgyvzEg9Ch8S0,https://api.spotify.com/v1/audio-analysis/7lOZOXA3QVgyvzEg9Ch8S0,205500,4,Fade Out,Callum Higby,https://open.spotify.com/track/7lOZOXA3QVgyvzEg9Ch8S0,32,"['speed house', 'uk dance']"
0.751,0.708,0,-5.653,1,0.0545,0.0482,1.85e-05,0.107,0.509,108.97,6bUNEbXT7HovLW6BgPCBsb,https://api.spotify.com/v1/tracks/6bUNEbXT7HovLW6BgPCBsb,https://api.spotify.com/v1/audio-analysis/6bUNEbXT7HovLW6BgPCBsb,369573,4,Roses,Outkast,https://open.spotify.com/track/6bUNEbXT7HovLW6BgPCBsb,73,"['atl hip hop', 'dirty south rap', 'hip hop', 'old school atlanta hip hop', 'rap', 'southern hip hop']"
0.81,0.755,0,-6.408,1,0.199,0.291,0.0,0.0857,0.625,130.991,4KTtYhxFtFL7mBwnjkKfLm,https://api.spotify.com/v1/tracks/4KTtYhxFtFL7mBwnjkKfLm,https://api.spotify.com/v1/audio-analysis/4KTtYhxFtFL7mBwnjkKfLm,246573,4,Glamorous,Fergie,https://open.spotify.com/track/4KTtYhxFtFL7mBwnjkKfLm,74,"['dance pop', 'pop']"
0.701,0.782,1,-4.987,1,0.138,0.0918,2.31e-06,0.124,0.57,94.03,1Is8hGpkGMiePASAxBluxM,https://api.spotify.com/v1/tracks/1Is8hGpkGMiePASAxBluxM,https://api.spotify.com/v1/audio-analysis/1Is8hGpkGMiePASAxBluxM,156040,4,16,Baby Keem,https://open.spotify.com/track/1Is8hGpkGMiePASAxBluxM,80,"['hip hop', 'rap']"
0.843,0.806,4,-5.946,0,0.269,0.143,0.0,0.0771,0.613,94.948,0I3q5fE6wg7LIfHGngUTnV,https://api.spotify.com/v1/tracks/0I3q5fE6wg7LIfHGngUTnV,https://api.spotify.com/v1/audio-analysis/0I3q5fE6wg7LIfHGngUTnV,270507,4,Ms. Jackson,Outkast,https://open.spotify.com/track/0I3q5fE6wg7LIfHGngUTnV,84,"['atl hip hop', 'dirty south rap', 'hip hop', 'old school atlanta hip hop', 'rap', 'southern hip hop']"
0.674,0.695,6,-8.636,0,0.278,0.0387,0.00202,0.194,0.773,151.486,6ScJMrlpiLfZUGtWp4QIVt,https://api.spotify.com/v1/tracks/6ScJMrlpiLfZUGtWp4QIVt,https://api.spotify.com/v1/audio-analysis/6ScJMrlpiLfZUGtWp4QIVt,221840,4,A Milli,Lil Wayne,https://open.spotify.com/track/6ScJMrlpiLfZUGtWp4QIVt,73,"['hip hop', 'new orleans rap', 'pop rap', 'rap', 'trap']"
0.731,0.807,3,-6.492,0,0.1,0.181,0.751,0.319,0.765,114.759,2bLqfJjuC5syrsgDsZfGmn,https://api.spotify.com/v1/tracks/2bLqfJjuC5syrsgDsZfGmn,https://api.spotify.com/v1/audio-analysis/2bLqfJjuC5syrsgDsZfGmn,179120,4,The Way I Are,Timbaland,https://open.spotify.com/track/2bLqfJjuC5syrsgDsZfGmn,85,"['dance pop', 'pop', 'pop rap']"
0.884,0.677,1,-5.603,1,0.283,0.0778,0.0,0.0732,0.584,101.868,3jagJCUbdqhDSPuxP8cAqF,https://api.spotify.com/v1/tracks/3jagJCUbdqhDSPuxP8cAqF,https://api.spotify.com/v1/audio-analysis/3jagJCUbdqhDSPuxP8cAqF,263227,4,Work It,Missy Elliott,https://open.spotify.com/track/3jagJCUbdqhDSPuxP8cAqF,73,"['dance pop', 'hip hop', 'hip pop', 'neo soul', 'pop rap', 'r&b', 'rap', 'urban contemporary', 'virginia hip hop']"
0.895,0.694,9,-4.384,1,0.275,0.176,0.0,0.292,0.632,93.944,6Tsu3OsuMz4KEGKbOYd6A0,https://api.spotify.com/v1/tracks/6Tsu3OsuMz4KEGKbOYd6A0,https://api.spotify.com/v1/audio-analysis/6Tsu3OsuMz4KEGKbOYd6A0,230000,4,Hypnotize - 2007 Remaster,The Notorious B.I.G.,https://open.spotify.com/track/6Tsu3OsuMz4KEGKbOYd6A0,73,"['east coast hip hop', 'gangster rap', 'hardcore hip hop', 'hip hop', 'rap']"
0.707,0.813,11,-4.515,0,0.0571,0.0863,0.0,0.168,0.722,124.921,2VOomzT6VavJOGBeySqaMc,https://api.spotify.com/v1/tracks/2VOomzT6VavJOGBeySqaMc,https://api.spotify.com/v1/audio-analysis/2VOomzT6VavJOGBeySqaMc,238627,4,Disturbia,Rihanna,https://open.spotify.com/track/2VOomzT6VavJOGBeySqaMc,81,"['barbadian pop', 'pop', 'urban contemporary']"
0.521,0.625,1,-7.47,1,0.067,0.0301,0.0,0.121,0.136,101.019,0r2Bul2NuCViraT2zX1l5j,https://api.spotify.com/v1/tracks/0r2Bul2NuCViraT2zX1l5j,https://api.spotify.com/v1/audio-analysis/0r2Bul2NuCViraT2zX1l5j,334067,4,Get Low,Lil Jon & The East Side Boyz,https://open.spotify.com/track/0r2Bul2NuCViraT2zX1l5j,78,"['atl hip hop', 'atlanta bass', 'crunk', 'dirty south rap', 'old school atlanta hip hop', 'southern hip hop']"
0.835,0.757,8,-5.029,0,0.23,0.00647,0.0,0.29,0.626,82.038,6o3s08kk2fQI37vxGZDrJ1,https://api.spotify.com/v1/tracks/6o3s08kk2fQI37vxGZDrJ1,https://api.spotify.com/v1/audio-analysis/6o3s08kk2fQI37vxGZDrJ1,274387,4,Snap Yo Fingers,Lil Jon,https://open.spotify.com/track/6o3s08kk2fQI37vxGZDrJ1,71,"['atl hip hop', 'crunk', 'dance pop', 'dirty south rap', 'old school atlanta hip hop', 'pop rap', 'southern hip hop', 'trap']"
0.457,0.906,5,-2.278,0,0.342,0.249,0.0,0.182,0.54,104.02,5UsLjwBaTHBX4ektWIr4XX,https://api.spotify.com/v1/tracks/5UsLjwBaTHBX4ektWIr4XX,https://api.spotify.com/v1/audio-analysis/5UsLjwBaTHBX4ektWIr4XX,357707,5,Forever,Drake,https://open.spotify.com/track/5UsLjwBaTHBX4ektWIr4XX,77,"['canadian hip hop', 'canadian pop', 'hip hop', 'pop rap', 'rap']"
0.727,0.974,4,-2.261,0,0.0664,0.103,0.000532,0.174,0.965,79.526,2PpruBYCo4H7WOBJ7Q2EwM,https://api.spotify.com/v1/tracks/2PpruBYCo4H7WOBJ7Q2EwM,https://api.spotify.com/v1/audio-analysis/2PpruBYCo4H7WOBJ7Q2EwM,235213,4,Hey Ya!,Outkast,https://open.spotify.com/track/2PpruBYCo4H7WOBJ7Q2EwM,84,"['atl hip hop', 'dirty south rap', 'hip hop', 'old school atlanta hip hop', 'rap', 'southern hip hop']"
0.624,0.723,1,-6.782,1,0.378,0.172,0.0,0.483,0.757,84.789,3bMNprrp2JDKZsGbiXpsJl,https://api.spotify.com/v1/tracks/3bMNprrp2JDKZsGbiXpsJl,https://api.spotify.com/v1/audio-analysis/3bMNprrp2JDKZsGbiXpsJl,216933,4,My Chick Bad,Ludacris,https://open.spotify.com/track/3bMNprrp2JDKZsGbiXpsJl,69,"['atl hip hop', 'dance pop', 'dirty south rap', 'hip hop', 'old school atlanta hip hop', 'pop rap', 'rap', 'southern hip hop', 'trap']"
0.874,0.714,7,-6.664,1,0.129,0.0155,0.0,0.0968,0.541,95.826,6o2g1BJvtYQssH84kBYs7y,https://api.spotify.com/v1/tracks/6o2g1BJvtYQssH84kBYs7y,https://api.spotify.com/v1/audio-analysis/6o2g1BJvtYQssH84kBYs7y,265600,4,Back That Azz Up,JUVENILE,https://open.spotify.com/track/6o2g1BJvtYQssH84kBYs7y,69,"['bounce', 'crunk', 'dirty south rap', 'new orleans rap', 'southern hip hop', 'trap']"
0.884,0.679,10,-5.857,0,0.282,0.0957,0.00209,0.0289,0.591,76.993,5Tl0HJvynZtKdSUMKbFVVX,https://api.spotify.com/v1/tracks/5Tl0HJvynZtKdSUMKbFVVX,https://api.spotify.com/v1/audio-analysis/5Tl0HJvynZtKdSUMKbFVVX,238467,4,Hard Knock Life (Ghetto Anthem),JAY-Z,https://open.spotify.com/track/5Tl0HJvynZtKdSUMKbFVVX,71,"['east coast hip hop', 'gangster rap', 'hip hop', 'pop rap', 'rap']"
0.888,0.632,1,-3.872,1,0.219,0.19,0.0,0.101,0.662,91.979,2NBQmPrOEEjA8VbeWOQGxO,https://api.spotify.com/v1/tracks/2NBQmPrOEEjA8VbeWOQGxO,https://api.spotify.com/v1/audio-analysis/2NBQmPrOEEjA8VbeWOQGxO,266067,4,Drop It Like It's Hot,Snoop Dogg,https://open.spotify.com/track/2NBQmPrOEEjA8VbeWOQGxO,79,"['g funk', 'gangster rap', 'hip hop', 'pop rap', 'rap', 'west coast rap']"
0.956,0.745,11,-4.753,0,0.12,0.206,0.0,0.0615,0.912,107.075,04KTF78FFg8sOHC1BADqbY,https://api.spotify.com/v1/tracks/04KTF78FFg8sOHC1BADqbY,https://api.spotify.com/v1/audio-analysis/04KTF78FFg8sOHC1BADqbY,228240,4,Hot In Herre,Nelly,https://open.spotify.com/track/04KTF78FFg8sOHC1BADqbY,79,"['dance pop', 'gangster rap', 'hip hop', 'pop rap', 'rap', 'st louis rap', 'urban contemporary']"
0.797,0.75,0,-9.369,1,0.247,0.533,0.108,0.095,0.74,177.87,6zsk6uF3MxfIeHPlubKBvR,https://api.spotify.com/v1/tracks/6zsk6uF3MxfIeHPlubKBvR,https://api.spotify.com/v1/audio-analysis/6zsk6uF3MxfIeHPlubKBvR,211120,4,Get Ur Freak On,Missy Elliott,https://open.spotify.com/track/6zsk6uF3MxfIeHPlubKBvR,73,"['dance pop', 'hip hop', 'hip pop', 'neo soul', 'pop rap', 'r&b', 'rap', 'urban contemporary', 'virginia hip hop']"
0.693,0.549,1,-8.141,1,0.119,0.0109,0.0,0.0677,0.605,80.028,1tkMs9wDPknQ3ZHcKDw1ES,https://api.spotify.com/v1/tracks/1tkMs9wDPknQ3ZHcKDw1ES,https://api.spotify.com/v1/audio-analysis/1tkMs9wDPknQ3ZHcKDw1ES,227960,4,Buy U a Drank (Shawty Snappin') (feat. Yung Joc),T-Pain,https://open.spotify.com/track/1tkMs9wDPknQ3ZHcKDw1ES,79,"['dance pop', 'gangster rap', 'hip hop', 'pop rap', 'r&b', 'rap', 'southern hip hop', 'trap', 'urban contemporary']"
0.892,0.714,4,-6.055,0,0.141,0.201,0.000234,0.0521,0.817,100.972,1AWQoqb9bSvzTjaLralEkT,https://api.spotify.com/v1/tracks/1AWQoqb9bSvzTjaLralEkT,https://api.spotify.com/v1/audio-analysis/1AWQoqb9bSvzTjaLralEkT,267267,4,Rock Your Body,Justin Timberlake,https://open.spotify.com/track/1AWQoqb9bSvzTjaLralEkT,83,"['dance pop', 'pop']"
0.925,0.744,0,-5.79,1,0.367,0.0644,0.0,0.0888,0.656,93.02,0jSMveIWvnhDIvzqN74Uc7,https://api.spotify.com/v1/tracks/0jSMveIWvnhDIvzqN74Uc7,https://api.spotify.com/v1/audio-analysis/0jSMveIWvnhDIvzqN74Uc7,243227,4,Tipsy - Club Mix,J-Kwon,https://open.spotify.com/track/0jSMveIWvnhDIvzqN74Uc7,67,"['dirty south rap', 'southern hip hop']"
0.965,0.857,11,-8.458,0,0.17,0.00131,0.0,0.0726,0.951,127.656,6jBCehpNMkwFVF3dz4nLIW,https://api.spotify.com/v1/tracks/6jBCehpNMkwFVF3dz4nLIW,https://api.spotify.com/v1/audio-analysis/6jBCehpNMkwFVF3dz4nLIW,183760,4,It's Tricky,Run–D.M.C.,https://open.spotify.com/track/6jBCehpNMkwFVF3dz4nLIW,72,"['east coast hip hop', 'golden age hip hop', 'hip hop', 'old school hip hop', 'queens hip hop', 'rap']"
0.725,0.64,5,-7.905,0,0.332,0.0281,0.0,0.099,0.915,166.028,6glsMWIMIxQ4BedzLqGVi4,https://api.spotify.com/v1/tracks/6glsMWIMIxQ4BedzLqGVi4,https://api.spotify.com/v1/audio-analysis/6glsMWIMIxQ4BedzLqGVi4,240027,3,"So Fresh, So Clean",Outkast,https://open.spotify.com/track/6glsMWIMIxQ4BedzLqGVi4,76,"['atl hip hop', 'dirty south rap', 'hip hop', 'old school atlanta hip hop', 'rap', 'southern hip hop']"
0.76,0.595,1,-6.366,1,0.0391,0.00544,0.0,0.241,0.361,131.497,03tqyYWC9Um2ZqU0ZN849H,https://api.spotify.com/v1/tracks/03tqyYWC9Um2ZqU0ZN849H,https://api.spotify.com/v1/audio-analysis/03tqyYWC9Um2ZqU0ZN849H,263773,4,No Hands (feat. Roscoe Dash & Wale),Waka Flocka Flame,https://open.spotify.com/track/03tqyYWC9Um2ZqU0ZN849H,79,"['atl hip hop', 'dirty south rap', 'rap', 'southern hip hop', 'trap']"
0.825,0.575,11,-4.87,1,0.0633,0.025,9.94e-06,0.205,0.65,153.954,0zO8ctW0UiuOefR87OeJOZ,https://api.spotify.com/v1/tracks/0zO8ctW0UiuOefR87OeJOZ,https://api.spotify.com/v1/audio-analysis/0zO8ctW0UiuOefR87OeJOZ,299960,4,Collard Greens,ScHoolboy Q,https://open.spotify.com/track/0zO8ctW0UiuOefR87OeJOZ,79,"['gangster rap', 'hip hop', 'pop rap', 'rap', 'southern hip hop', 'trap']"
0.846,0.438,11,-4.981,1,0.141,0.2,9.43e-05,0.0939,0.512,85.013,61LtVmmkGr8P9I2tSPvdpf,https://api.spotify.com/v1/tracks/61LtVmmkGr8P9I2tSPvdpf,https://api.spotify.com/v1/audio-analysis/61LtVmmkGr8P9I2tSPvdpf,237480,4,Teach Me How to Dougie,Cali Swag District,https://open.spotify.com/track/61LtVmmkGr8P9I2tSPvdpf,71,['pop rap']
0.925,0.659,3,-4.763,1,0.231,0.206,7.88e-05,0.279,0.71,97.018,69bHJ9qs5FrUJbKP8xU8uZ,https://api.spotify.com/v1/tracks/69bHJ9qs5FrUJbKP8xU8uZ,https://api.spotify.com/v1/audio-analysis/69bHJ9qs5FrUJbKP8xU8uZ,214227,4,Disco Inferno,50 Cent,https://open.spotify.com/track/69bHJ9qs5FrUJbKP8xU8uZ,76,"['east coast hip hop', 'gangster rap', 'hip hop', 'pop rap', 'queens hip hop', 'rap']"
0.577,0.447,8,-5.892,1,0.277,0.00627,0.00022,0.0899,0.189,74.236,6REbwUNlppTfcnV4d4ZoZi,https://api.spotify.com/v1/tracks/6REbwUNlppTfcnV4d4ZoZi,https://api.spotify.com/v1/audio-analysis/6REbwUNlppTfcnV4d4ZoZi,247800,4,Swimming Pools (Drank),Kendrick Lamar,https://open.spotify.com/track/6REbwUNlppTfcnV4d4ZoZi,81,"['conscious hip hop', 'hip hop', 'rap', 'west coast rap']"
0.487,0.729,2,-6.815,1,0.271,0.0538,4.07e-06,0.44,0.217,91.048,439TlnnznSiBbQbgXiBqAd,https://api.spotify.com/v1/tracks/439TlnnznSiBbQbgXiBqAd,https://api.spotify.com/v1/audio-analysis/439TlnnznSiBbQbgXiBqAd,350120,4,m.A.A.d city,Kendrick Lamar,https://open.spotify.com/track/439TlnnznSiBbQbgXiBqAd,71,"['conscious hip hop', 'hip hop', 'rap', 'west coast rap']"
0.733,0.664,8,-6.163,1,0.295,0.102,0.0,0.191,0.557,148.005,3iL2l5gUqyPS6vDwJFgJTR,https://api.spotify.com/v1/tracks/3iL2l5gUqyPS6vDwJFgJTR,https://api.spotify.com/v1/audio-analysis/3iL2l5gUqyPS6vDwJFgJTR,288133,4,BedRock,Young Money,https://open.spotify.com/track/3iL2l5gUqyPS6vDwJFgJTR,72,"['dirty south rap', 'pop rap', 'rap', 'southern hip hop', 'trap']"
0.741,0.658,7,-7.758,1,0.0853,0.643,3.43e-06,0.307,0.746,142.057,6rUcS9i07F6okIe8wujs5J,https://api.spotify.com/v1/tracks/6rUcS9i07F6okIe8wujs5J,https://api.spotify.com/v1/audio-analysis/6rUcS9i07F6okIe8wujs5J,246013,4,Lemonade,Gucci Mane,https://open.spotify.com/track/6rUcS9i07F6okIe8wujs5J,61,"['atl hip hop', 'dirty south rap', 'hip hop', 'pop rap', 'rap', 'southern hip hop', 'trap']"
0.697,0.901,7,-7.154,1,0.259,0.169,0.0,0.356,0.535,103.145,7k3sn5TIQ3qRVJ8FPTG9kx,https://api.spotify.com/v1/tracks/7k3sn5TIQ3qRVJ8FPTG9kx,https://api.spotify.com/v1/audio-analysis/7k3sn5TIQ3qRVJ8FPTG9kx,290160,4,Let Me Clear My Throat - Old School Reunion Remix '96,DJ Kool,https://open.spotify.com/track/7k3sn5TIQ3qRVJ8FPTG9kx,56,['old school hip hop']
0.68,0.687,9,-6.162,0,0.0709,0.0161,0.0,0.261,0.467,150.053,1IAzD1muglOxOcPbUHs70R,https://api.spotify.com/v1/tracks/1IAzD1muglOxOcPbUHs70R,https://api.spotify.com/v1/audio-analysis/1IAzD1muglOxOcPbUHs70R,249533,4,Whatever You Like,T.I.,https://open.spotify.com/track/1IAzD1muglOxOcPbUHs70R,77,"['atl hip hop', 'dirty south rap', 'gangster rap', 'hip hop', 'pop rap', 'rap', 'southern hip hop', 'trap']"
0.546,0.651,1,-7.601,1,0.3,0.000739,0.0,0.235,0.646,77.878,3aGibUHhQyBsyumYHylw0K,https://api.spotify.com/v1/tracks/3aGibUHhQyBsyumYHylw0K,https://api.spotify.com/v1/audio-analysis/3aGibUHhQyBsyumYHylw0K,212653,4,Backseat Freestyle,Kendrick Lamar,https://open.spotify.com/track/3aGibUHhQyBsyumYHylw0K,69,"['conscious hip hop', 'hip hop', 'rap', 'west coast rap']"
0.545,0.781,10,-3.616,1,0.185,0.0139,0.0,0.161,0.277,150.097,12PNcnMsjsZ3eHm62t8hiy,https://api.spotify.com/v1/tracks/12PNcnMsjsZ3eHm62t8hiy,https://api.spotify.com/v1/audio-analysis/12PNcnMsjsZ3eHm62t8hiy,232507,4,"All I Do Is Win (feat. T-Pain, Ludacris, Snoop Dogg & Rick Ross)",DJ Khaled,https://open.spotify.com/track/12PNcnMsjsZ3eHm62t8hiy,71,"['hip hop', 'miami hip hop', 'pop rap', 'rap']"
0.587,0.698,1,-8.948,1,0.0943,0.0152,0.0,0.442,0.0985,133.954,4Pwjz3DfvfQWV0rO2V8jyh,https://api.spotify.com/v1/tracks/4Pwjz3DfvfQWV0rO2V8jyh,https://api.spotify.com/v1/audio-analysis/4Pwjz3DfvfQWV0rO2V8jyh,310720,4,"Bitch, Don’t Kill My Vibe",Kendrick Lamar,https://open.spotify.com/track/4Pwjz3DfvfQWV0rO2V8jyh,74,"['conscious hip hop', 'hip hop', 'rap', 'west coast rap']"
0.375,0.862,11,-3.363,0,0.255,0.071,0.0,0.211,0.478,159.841,3jlbL2OTD5YmIunYzgQTAN,https://api.spotify.com/v1/tracks/3jlbL2OTD5YmIunYzgQTAN,https://api.spotify.com/v1/audio-analysis/3jlbL2OTD5YmIunYzgQTAN,338853,4,Live Your Life,T.I.,https://open.spotify.com/track/3jlbL2OTD5YmIunYzgQTAN,77,"['atl hip hop', 'dirty south rap', 'gangster rap', 'hip hop', 'pop rap', 'rap', 'southern hip hop', 'trap']"
0.797,0.567,2,-7.503,1,0.0651,0.0692,0.0,0.0705,0.843,108.024,5fKBwqSTuCbnJlCOpeRa3o,https://api.spotify.com/v1/tracks/5fKBwqSTuCbnJlCOpeRa3o,https://api.spotify.com/v1/audio-analysis/5fKBwqSTuCbnJlCOpeRa3o,188889,4,Sexual,NEIKED,https://open.spotify.com/track/5fKBwqSTuCbnJlCOpeRa3o,65,['scandipop']
0.562,0.903,8,-4.46,0,0.0296,0.000187,0.0939,0.298,0.791,132.009,2WRFD9WczJ975X2K1Y9YVs,https://api.spotify.com/v1/tracks/2WRFD9WczJ975X2K1Y9YVs,https://api.spotify.com/v1/audio-analysis/2WRFD9WczJ975X2K1Y9YVs,221000,4,Heads Will Roll,Yeah Yeah Yeahs,https://open.spotify.com/track/2WRFD9WczJ975X2K1Y9YVs,70,"['alternative dance', 'alternative rock', 'art pop', 'chamber pop', 'dance-punk', 'garage rock', 'indie rock', 'modern rock', 'neo-synthpop', 'new rave']"
0.593,0.392,10,-6.872,0,0.0257,0.382,0.000114,0.131,0.25,75.065,1snNAXmmPXCn0dkF9DaPWw,https://api.spotify.com/v1/tracks/1snNAXmmPXCn0dkF9DaPWw,https://api.spotify.com/v1/audio-analysis/1snNAXmmPXCn0dkF9DaPWw,282813,4,You & Me - Flume Remix,Disclosure,https://open.spotify.com/track/1snNAXmmPXCn0dkF9DaPWw,69,"['edm', 'house', 'indietronica', 'uk dance']"
0.56,0.865,1,-1.148,1,0.0909,0.255,0.000153,0.083,0.424,159.96,4nlvKIIetOWGIMyhjQXgOZ,https://api.spotify.com/v1/tracks/4nlvKIIetOWGIMyhjQXgOZ,https://api.spotify.com/v1/audio-analysis/4nlvKIIetOWGIMyhjQXgOZ,139663,4,The Difference,Flume,https://open.spotify.com/track/4nlvKIIetOWGIMyhjQXgOZ,72,"['australian dance', 'australian electropop', 'australian indie', 'downtempo', 'edm', 'indietronica']"
0.487,0.669,9,-6.473,1,0.232,0.0145,0.00349,0.102,0.0573,172.026,7gCuKTyBb5nurNalzs0Hvp,https://api.spotify.com/v1/tracks/7gCuKTyBb5nurNalzs0Hvp,https://api.spotify.com/v1/audio-analysis/7gCuKTyBb5nurNalzs0Hvp,167253,3,"Supersonic (My Existence) [with Noisia, josh pan & Dylan Brady]",Skrillex,https://open.spotify.com/track/7gCuKTyBb5nurNalzs0Hvp,65,"['brostep', 'complextro', 'edm', 'electro', 'pop dance']"
0.679,0.95,2,-2.247,1,0.0373,0.0148,0.00205,0.43,0.12,107.994,223t7TwvWm5PuE1IuWpRZM,https://api.spotify.com/v1/tracks/223t7TwvWm5PuE1IuWpRZM,https://api.spotify.com/v1/audio-analysis/223t7TwvWm5PuE1IuWpRZM,242222,4,BREAK LAW,Dog Blood,https://open.spotify.com/track/223t7TwvWm5PuE1IuWpRZM,49,"['brostep', 'electro house', 'electronic trap']"
0.66,0.542,11,-13.511,0,0.237,0.113,0.0,0.346,0.592,140.621,6GmL39a9OazWtyMkAbJz7v,https://api.spotify.com/v1/tracks/6GmL39a9OazWtyMkAbJz7v,https://api.spotify.com/v1/audio-analysis/6GmL39a9OazWtyMkAbJz7v,191507,4,Monster Mash,"Bobby ""Boris"" Pickett",https://open.spotify.com/track/6GmL39a9OazWtyMkAbJz7v,60,"['halloween', 'novelty']"
0.852,0.797,0,-6.543,1,0.0614,0.322,2.69e-06,0.0845,0.741,96.008,228BxWXUYQPJrJYHDLOHkj,https://api.spotify.com/v1/tracks/228BxWXUYQPJrJYHDLOHkj,https://api.spotify.com/v1/audio-analysis/228BxWXUYQPJrJYHDLOHkj,192600,4,Gasolina,Daddy Yankee,https://open.spotify.com/track/228BxWXUYQPJrJYHDLOHkj,86,"['latin hip hop', 'reggaeton', 'trap latino', 'urbano latino']"
0.762,0.766,7,-3.955,1,0.0343,0.00776,6.98e-05,0.128,0.442,130.001,5fwSHlTEWpluwOM0Sxnh5k,https://api.spotify.com/v1/tracks/5fwSHlTEWpluwOM0Sxnh5k,https://api.spotify.com/v1/audio-analysis/5fwSHlTEWpluwOM0Sxnh5k,287120,4,Pepas,Farruko,https://open.spotify.com/track/5fwSHlTEWpluwOM0Sxnh5k,84,"['reggaeton', 'trap latino', 'urbano latino']"
0.811,0.5,5,-6.717,0,0.0976,0.104,0.0,0.372,0.789,178.017,1JpzJfxjHGFUyTHXLZidok,https://api.spotify.com/v1/tracks/1JpzJfxjHGFUyTHXLZidok,https://api.spotify.com/v1/audio-analysis/1JpzJfxjHGFUyTHXLZidok,189333,4,Monastery,Ryan Castro,https://open.spotify.com/track/1JpzJfxjHGFUyTHXLZidok,78,"['reggaeton', 'trap colombiano', 'trap latino', 'urbano latino']"
0.818,0.88,6,-2.411,0,0.0577,0.0237,0.0,0.0777,0.686,94.985,3No3zHVwKadKDR00kZdmAB,https://api.spotify.com/v1/tracks/3No3zHVwKadKDR00kZdmAB,https://api.spotify.com/v1/audio-analysis/3No3zHVwKadKDR00kZdmAB,144987,4,FRIKI,Feid,https://open.spotify.com/track/3No3zHVwKadKDR00kZdmAB,74,"['colombian pop', 'pop reggaeton', 'reggaeton', 'reggaeton colombiano', 'trap latino', 'urbano latino']"
0.766,0.283,8,-10.33,0,0.0846,0.111,0.0172,0.115,0.144,97.04,6n3HGiq4v35D6eFOSwqYuo,https://api.spotify.com/v1/tracks/6n3HGiq4v35D6eFOSwqYuo,https://api.spotify.com/v1/audio-analysis/6n3HGiq4v35D6eFOSwqYuo,219692,4,Teenage Fever,Drake,https://open.spotify.com/track/6n3HGiq4v35D6eFOSwqYuo,84,"['canadian hip hop', 'canadian pop', 'hip hop', 'pop rap', 'rap']"
0.821,0.341,8,-5.915,1,0.281,8.73e-05,0.00746,0.18,0.344,139.885,1xemKSmCnH59ze3KX5wwgH,https://api.spotify.com/v1/tracks/1xemKSmCnH59ze3KX5wwgH,https://api.spotify.com/v1/audio-analysis/1xemKSmCnH59ze3KX5wwgH,196653,4,Demons,Doja Cat,https://open.spotify.com/track/1xemKSmCnH59ze3KX5wwgH,78,"['dance pop', 'pop']"
0.847,0.724,2,-7.668,1,0.047,0.00355,0.00339,0.0731,0.326,126.983,4zlbKky2yA657Sk5rekZoR,https://api.spotify.com/v1/tracks/4zlbKky2yA657Sk5rekZoR,https://api.spotify.com/v1/audio-analysis/4zlbKky2yA657Sk5rekZoR,319964,4,Baby again..,Fred again..,https://open.spotify.com/track/4zlbKky2yA657Sk5rekZoR,71,"['edm', 'house', 'stutter house']"
0.831,0.362,1,-6.085,1,0.229,0.000156,0.0162,0.168,0.313,139.941,6vb4kCEIM7zrwuHlxFbfeB,https://api.spotify.com/v1/tracks/6vb4kCEIM7zrwuHlxFbfeB,https://api.spotify.com/v1/audio-analysis/6vb4kCEIM7zrwuHlxFbfeB,195573,4,Demons,Doja Cat,https://open.spotify.com/track/6vb4kCEIM7zrwuHlxFbfeB,75,"['dance pop', 'pop']"
0.864,0.556,2,-7.683,0,0.194,0.255,3.85e-06,0.112,0.726,99.974,7DlZH8EiVDgQXNoj3dnyZC,https://api.spotify.com/v1/tracks/7DlZH8EiVDgQXNoj3dnyZC,https://api.spotify.com/v1/audio-analysis/7DlZH8EiVDgQXNoj3dnyZC,230480,4,Paint The Town Red,Doja Cat,https://open.spotify.com/track/7DlZH8EiVDgQXNoj3dnyZC,83,"['dance pop', 'pop']"
0.756,0.557,1,-9.142,1,0.0298,0.0538,0.258,0.115,0.443,111.017,2bkW1nR9RoeefrMfv1m8XC,https://api.spotify.com/v1/tracks/2bkW1nR9RoeefrMfv1m8XC,https://api.spotify.com/v1/audio-analysis/2bkW1nR9RoeefrMfv1m8XC,145250,4,Mothamor,Swordes,https://open.spotify.com/track/2bkW1nR9RoeefrMfv1m8XC,37,[]
0.656,0.776,6,-6.184,1,0.0672,0.16,0.378,0.372,0.638,156.049,0f1G5SHFoFC9lO03gHCGVS,https://api.spotify.com/v1/tracks/0f1G5SHFoFC9lO03gHCGVS,https://api.spotify.com/v1/audio-analysis/0f1G5SHFoFC9lO03gHCGVS,156759,4,Pretty Boy (feat. Lil Yachty),Joji,https://open.spotify.com/track/0f1G5SHFoFC9lO03gHCGVS,67,['viral pop']
0.745,0.353,1,-10.614,1,0.0983,0.174,0.00662,0.118,0.598,160.111,0WtDGnWL2KrMCk0mI1Gpwz,https://api.spotify.com/v1/tracks/0WtDGnWL2KrMCk0mI1Gpwz,https://api.spotify.com/v1/audio-analysis/0WtDGnWL2KrMCk0mI1Gpwz,326933,4,Redbone,Childish Gambino,https://open.spotify.com/track/0WtDGnWL2KrMCk0mI1Gpwz,85,"['atl hip hop', 'hip hop', 'rap']"
0.701,0.591,0,-6.646,1,0.0301,0.0979,2.53e-05,0.551,0.423,98.056,6YuFv5d7iGeNnFMu6xphZl,https://api.spotify.com/v1/tracks/6YuFv5d7iGeNnFMu6xphZl,https://api.spotify.com/v1/audio-analysis/6YuFv5d7iGeNnFMu6xphZl,252013,4,Sober,Childish Gambino,https://open.spotify.com/track/6YuFv5d7iGeNnFMu6xphZl,73,"['atl hip hop', 'hip hop', 'rap']"
0.775,0.655,5,-7.333,1,0.102,0.114,0.00016,0.035,0.346,114.503,44CZRkOxv7UItaAUmh8PgN,https://api.spotify.com/v1/tracks/44CZRkOxv7UItaAUmh8PgN,https://api.spotify.com/v1/audio-analysis/44CZRkOxv7UItaAUmh8PgN,323253,4,Doses & Mimosas,Cherub,https://open.spotify.com/track/44CZRkOxv7UItaAUmh8PgN,72,[]
0.753,0.678,3,-7.065,1,0.0527,0.0735,8.16e-05,0.612,0.364,124.0,1YzIe5I0UNPgPRPxYpe92f,https://api.spotify.com/v1/tracks/1YzIe5I0UNPgPRPxYpe92f,https://api.spotify.com/v1/audio-analysis/1YzIe5I0UNPgPRPxYpe92f,291773,4,XOXO,Cherub,https://open.spotify.com/track/1YzIe5I0UNPgPRPxYpe92f,48,[]
0.541,0.619,1,-8.746,0,0.254,0.167,0.00633,0.144,0.491,163.908,3zakx7RAwdkUQlOoQ7SJRt,https://api.spotify.com/v1/tracks/3zakx7RAwdkUQlOoQ7SJRt,https://api.spotify.com/v1/audio-analysis/3zakx7RAwdkUQlOoQ7SJRt,214693,4,"GRAVITY (FEAT. TYLER, THE CREATOR)",Brent Faiyaz,https://open.spotify.com/track/3zakx7RAwdkUQlOoQ7SJRt,75,"['r&b', 'rap']"
0.877,0.56,7,-3.751,1,0.0596,0.00721,1.45e-06,0.0839,0.154,119.971,3S68RFe1lsdCdTMPIMJM3X,https://api.spotify.com/v1/tracks/3S68RFe1lsdCdTMPIMJM3X,https://api.spotify.com/v1/audio-analysis/3S68RFe1lsdCdTMPIMJM3X,216136,4,Cash In Cash Out,Pharrell Williams,https://open.spotify.com/track/3S68RFe1lsdCdTMPIMJM3X,74,"['dance pop', 'pop']"
0.652,0.401,10,-9.687,0,0.0816,0.0751,0.654,0.112,0.0925,133.398,0AiEj23aqtC7InYrPizxLp,https://api.spotify.com/v1/tracks/0AiEj23aqtC7InYrPizxLp,https://api.spotify.com/v1/audio-analysis/0AiEj23aqtC7InYrPizxLp,191280,4,Blame You,Idiot Savant,https://open.spotify.com/track/0AiEj23aqtC7InYrPizxLp,0,[]
0.886,0.511,1,-4.691,0,0.0972,0.531,0.0501,0.112,0.261,127.898,0xrdZMsJIaxoTHAB4bvGnu,https://api.spotify.com/v1/tracks/0xrdZMsJIaxoTHAB4bvGnu,https://api.spotify.com/v1/audio-analysis/0xrdZMsJIaxoTHAB4bvGnu,173840,4,Pass Dat,Jeremih,https://open.spotify.com/track/0xrdZMsJIaxoTHAB4bvGnu,49,"['chicago rap', 'pop rap', 'r&b', 'trap', 'urban contemporary']"
0.688,0.556,6,-7.738,1,0.264,0.7,1.87e-06,0.108,0.416,129.336,08zJpaUQVi9FrKv2e32Bah,https://api.spotify.com/v1/tracks/08zJpaUQVi9FrKv2e32Bah,https://api.spotify.com/v1/audio-analysis/08zJpaUQVi9FrKv2e32Bah,240320,4,Planez,Jeremih,https://open.spotify.com/track/08zJpaUQVi9FrKv2e32Bah,72,"['chicago rap', 'pop rap', 'r&b', 'trap', 'urban contemporary']"
0.447,0.848,2,-6.175,1,0.222,0.033,7.46e-05,0.65,0.485,172.253,1ixbwbeBi5ufN4noUKmW5a,https://api.spotify.com/v1/tracks/1ixbwbeBi5ufN4noUKmW5a,https://api.spotify.com/v1/audio-analysis/1ixbwbeBi5ufN4noUKmW5a,205200,4,Paper Planes,M.I.A.,https://open.spotify.com/track/1ixbwbeBi5ufN4noUKmW5a,80,"['escape room', 'indietronica', 'neo-synthpop', 'new rave']"
0.868,0.538,5,-8.603,1,0.174,0.269,3.34e-06,0.0901,0.732,99.968,2IGMVunIBsBLtEQyoI1Mu7,https://api.spotify.com/v1/tracks/2IGMVunIBsBLtEQyoI1Mu7,https://api.spotify.com/v1/audio-analysis/2IGMVunIBsBLtEQyoI1Mu7,231750,4,Paint The Town Red,Doja Cat,https://open.spotify.com/track/2IGMVunIBsBLtEQyoI1Mu7,99,"['dance pop', 'pop']"
0.559,0.551,5,-7.231,1,0.132,0.141,0.0,0.11,0.392,143.008,4iZ4pt7kvcaH6Yo8UoZ4s2,https://api.spotify.com/v1/tracks/4iZ4pt7kvcaH6Yo8UoZ4s2,https://api.spotify.com/v1/audio-analysis/4iZ4pt7kvcaH6Yo8UoZ4s2,201800,4,Snooze,SZA,https://open.spotify.com/track/4iZ4pt7kvcaH6Yo8UoZ4s2,92,"['pop', 'r&b', 'rap']"
0.483,0.408,5,-9.243,0,0.0502,0.508,0.0,0.259,0.105,88.88,3RaCGXCiiMufRPoexXxGkV,https://api.spotify.com/v1/tracks/3RaCGXCiiMufRPoexXxGkV,https://api.spotify.com/v1/audio-analysis/3RaCGXCiiMufRPoexXxGkV,310491,3,Slime You Out (feat. SZA),Drake,https://open.spotify.com/track/3RaCGXCiiMufRPoexXxGkV,88,"['canadian hip hop', 'canadian pop', 'hip hop', 'pop rap', 'rap']"
0.927,0.619,5,-4.441,0,0.0539,0.0186,0.0,0.104,0.817,117.995,6wsqVwoiVH2kde4k4KKAFU,https://api.spotify.com/v1/tracks/6wsqVwoiVH2kde4k4KKAFU,https://api.spotify.com/v1/audio-analysis/6wsqVwoiVH2kde4k4KKAFU,211582,4,I KNOW ?,Travis Scott,https://open.spotify.com/track/6wsqVwoiVH2kde4k4KKAFU,93,"['hip hop', 'rap', 'slap house']"
0.552,0.702,9,-5.707,1,0.157,0.117,2.06e-05,0.105,0.564,169.994,1BxfuPKGuaTgP7aM0Bbdwr,https://api.spotify.com/v1/tracks/1BxfuPKGuaTgP7aM0Bbdwr,https://api.spotify.com/v1/audio-analysis/1BxfuPKGuaTgP7aM0Bbdwr,178427,4,Cruel Summer,Taylor Swift,https://open.spotify.com/track/1BxfuPKGuaTgP7aM0Bbdwr,100,['pop']
0.603,0.784,6,-4.023,1,0.062,0.446,8.32e-06,0.119,0.769,172.041,3EaJDYHA0KnX88JvDhL9oa,https://api.spotify.com/v1/tracks/3EaJDYHA0KnX88JvDhL9oa,https://api.spotify.com/v1/audio-analysis/3EaJDYHA0KnX88JvDhL9oa,173104,4,Dark Red,Steve Lacy,https://open.spotify.com/track/3EaJDYHA0KnX88JvDhL9oa,90,['afrofuturism']
0.663,0.798,11,-8.02,1,0.0415,0.000132,0.802,0.0496,0.315,135.013,46eN6AYeRe0Ccln9kSGZmI,https://api.spotify.com/v1/tracks/46eN6AYeRe0Ccln9kSGZmI,https://api.spotify.com/v1/audio-analysis/46eN6AYeRe0Ccln9kSGZmI,285047,4,Satyr,O'Flynn,https://open.spotify.com/track/46eN6AYeRe0Ccln9kSGZmI,40,"['float house', 'future garage']"
0.793,0.564,9,-11.307,1,0.125,0.311,0.914,0.203,0.399,133.054,4oZnV1W54b1TIn96i0KIwV,https://api.spotify.com/v1/tracks/4oZnV1W54b1TIn96i0KIwV,https://api.spotify.com/v1/audio-analysis/4oZnV1W54b1TIn96i0KIwV,126044,4,Let Go,Duskus,https://open.spotify.com/track/4oZnV1W54b1TIn96i0KIwV,69,"['future bass', 'vapor twitch']"
0.389,0.925,8,-4.257,1,0.0867,0.00091,0.778,0.193,0.625,164.739,4dUFWoTGL8BXPj3chx3RzL,https://api.spotify.com/v1/tracks/4dUFWoTGL8BXPj3chx3RzL,https://api.spotify.com/v1/audio-analysis/4dUFWoTGL8BXPj3chx3RzL,96678,4,through the light,dracodraco,https://open.spotify.com/track/4dUFWoTGL8BXPj3chx3RzL,56,['chill breakcore']
0.75,0.882,9,-5.0,0,0.0559,0.0349,0.753,0.105,0.531,136.036,5Yp141o1EpkBlLfu1B34Ec,https://api.spotify.com/v1/tracks/5Yp141o1EpkBlLfu1B34Ec,https://api.spotify.com/v1/audio-analysis/5Yp141o1EpkBlLfu1B34Ec,277754,4,Young Folks,Mindchatter,https://open.spotify.com/track/5Yp141o1EpkBlLfu1B34Ec,47,['proto-hyperpop']
0.558,0.722,7,-9.617,0,0.0336,0.00642,0.856,0.179,0.157,114.014,50USlRjAUqxBrS3XyysixE,https://api.spotify.com/v1/tracks/50USlRjAUqxBrS3XyysixE,https://api.spotify.com/v1/audio-analysis/50USlRjAUqxBrS3XyysixE,237587,4,Try Repeat,Lawrence Hart,https://open.spotify.com/track/50USlRjAUqxBrS3XyysixE,37,[]
0.662,0.849,8,-4.686,0,0.196,0.000567,0.864,0.284,0.125,126.959,2oHt6KQZ5IXExcBEQhObjZ,https://api.spotify.com/v1/tracks/2oHt6KQZ5IXExcBEQhObjZ,https://api.spotify.com/v1/audio-analysis/2oHt6KQZ5IXExcBEQhObjZ,169462,4,Muscaria,Of The Trees,https://open.spotify.com/track/2oHt6KQZ5IXExcBEQhObjZ,49,"['experimental bass', 'glitch hop']"
0.909,0.334,1,-13.979,1,0.174,0.209,0.636,0.321,0.174,140.029,7CdcnX9m1wI8sIlQGLd0Un,https://api.spotify.com/v1/tracks/7CdcnX9m1wI8sIlQGLd0Un,https://api.spotify.com/v1/audio-analysis/7CdcnX9m1wI8sIlQGLd0Un,192000,4,The Owl Song,Of The Trees,https://open.spotify.com/track/7CdcnX9m1wI8sIlQGLd0Un,47,"['experimental bass', 'glitch hop']"
0.775,0.607,7,-6.011,1,0.0519,0.0692,0.00178,0.107,0.281,157.968,7AsGB0lHuuPf07kiQURb8M,https://api.spotify.com/v1/tracks/7AsGB0lHuuPf07kiQURb8M,https://api.spotify.com/v1/audio-analysis/7AsGB0lHuuPf07kiQURb8M,199001,4,Paper,UnoTheActivist,https://open.spotify.com/track/7AsGB0lHuuPf07kiQURb8M,44,"['melodic rap', 'plugg', 'rage rap']"
0.773,0.414,6,-7.436,0,0.0961,0.00411,3.4e-05,0.0733,0.289,99.993,6jdOi5U5LBzQrc4c1VT983,https://api.spotify.com/v1/tracks/6jdOi5U5LBzQrc4c1VT983,https://api.spotify.com/v1/audio-analysis/6jdOi5U5LBzQrc4c1VT983,227880,4,"Hold On, We're Going Home",Drake,https://open.spotify.com/track/6jdOi5U5LBzQrc4c1VT983,77,"['canadian hip hop', 'canadian pop', 'hip hop', 'pop rap', 'rap']"
0.696,0.488,1,-7.508,1,0.0403,0.196,0.836,0.2,0.202,95.064,5EhnuLMer8qAXEDwmLtyrW,https://api.spotify.com/v1/tracks/5EhnuLMer8qAXEDwmLtyrW,https://api.spotify.com/v1/audio-analysis/5EhnuLMer8qAXEDwmLtyrW,212211,4,Puzzle Box,Rezz,https://open.spotify.com/track/5EhnuLMer8qAXEDwmLtyrW,62,"['brostep', 'canadian electronic', 'edm', 'electra', 'electro house']"
0.607,0.941,11,-3.807,0,0.481,0.037,0.0137,0.321,0.521,75.401,6OTClxme7EYRZGO6An3SMc,https://api.spotify.com/v1/tracks/6OTClxme7EYRZGO6An3SMc,https://api.spotify.com/v1/audio-analysis/6OTClxme7EYRZGO6An3SMc,198400,4,Griztronics,GRiZ,https://open.spotify.com/track/6OTClxme7EYRZGO6An3SMc,61,"['glitch hop', 'jamtronica', 'jazztronica', 'livetronica']"
0.773,0.859,11,-4.913,1,0.0747,0.0855,0.000187,0.914,0.813,118.459,3S2R0EVwBSAVMd5UMgKTL0,https://api.spotify.com/v1/tracks/3S2R0EVwBSAVMd5UMgKTL0,https://api.spotify.com/v1/audio-analysis/3S2R0EVwBSAVMd5UMgKTL0,357267,4,Thriller,Michael Jackson,https://open.spotify.com/track/3S2R0EVwBSAVMd5UMgKTL0,78,"['r&b', 'soul']"
0.788,0.846,4,-5.017,1,0.0372,0.0103,0.000281,0.26,0.738,115.636,3m0y8qLoznUYi73SUBP8GI,https://api.spotify.com/v1/tracks/3m0y8qLoznUYi73SUBP8GI,https://api.spotify.com/v1/audio-analysis/3m0y8qLoznUYi73SUBP8GI,245253,4,Ghostbusters,Ray Parker Jr.,https://open.spotify.com/track/3m0y8qLoznUYi73SUBP8GI,76,[]
0.541,0.504,11,-14.191,0,0.457,0.375,0.0,0.421,0.707,68.482,0xxZY5C9xxij3D1HkzbnfC,https://api.spotify.com/v1/tracks/0xxZY5C9xxij3D1HkzbnfC,https://api.spotify.com/v1/audio-analysis/0xxZY5C9xxij3D1HkzbnfC,192040,4,Monster Mash,"Bobby ""Boris"" Pickett",https://open.spotify.com/track/0xxZY5C9xxij3D1HkzbnfC,77,"['halloween', 'novelty']"
0.514,0.73,1,-5.934,1,0.0598,0.00146,9.54e-05,0.0897,0.334,171.005,0VjIjW4GlUZAMYd2vXMi3b,https://api.spotify.com/v1/tracks/0VjIjW4GlUZAMYd2vXMi3b,https://api.spotify.com/v1/audio-analysis/0VjIjW4GlUZAMYd2vXMi3b,200040,4,Blinding Lights,The Weeknd,https://open.spotify.com/track/0VjIjW4GlUZAMYd2vXMi3b,92,"['canadian contemporary r&b', 'canadian pop', 'pop']"
0.309,0.649,7,-8.994,1,0.035,0.0158,0.00591,0.367,0.312,166.915,7EZC6E7UjZe63f1jRmkWxt,https://api.spotify.com/v1/tracks/7EZC6E7UjZe63f1jRmkWxt,https://api.spotify.com/v1/audio-analysis/7EZC6E7UjZe63f1jRmkWxt,306440,4,Zombie,The Cranberries,https://open.spotify.com/track/7EZC6E7UjZe63f1jRmkWxt,86,"['irish rock', 'pop rock', 'rock']"
0.515,0.43,7,-9.935,1,0.0372,0.0097,0.000133,0.129,0.104,91.844,70LcF31zb1H0PyJoS1Sx1r,https://api.spotify.com/v1/tracks/70LcF31zb1H0PyJoS1Sx1r,https://api.spotify.com/v1/audio-analysis/70LcF31zb1H0PyJoS1Sx1r,238640,4,Creep,Radiohead,https://open.spotify.com/track/70LcF31zb1H0PyJoS1Sx1r,90,"['alternative rock', 'art rock', 'melancholia', 'oxford indie', 'permanent wave', 'rock']"
0.92,0.654,11,-3.051,0,0.0401,0.0236,0.0153,0.036,0.847,117.046,5ChkMS8OtdzJeqyybCc9R5,https://api.spotify.com/v1/tracks/5ChkMS8OtdzJeqyybCc9R5,https://api.spotify.com/v1/audio-analysis/5ChkMS8OtdzJeqyybCc9R5,293827,4,Billie Jean,Michael Jackson,https://open.spotify.com/track/5ChkMS8OtdzJeqyybCc9R5,83,"['r&b', 'soul']"
0.602,0.863,5,-5.423,0,0.0773,0.0178,0.0,0.389,0.732,150.183,4kkeuVl6gF3RMqE4Nn5W3E,https://api.spotify.com/v1/tracks/4kkeuVl6gF3RMqE4Nn5W3E,https://api.spotify.com/v1/audio-analysis/4kkeuVl6gF3RMqE4Nn5W3E,206373,4,E.T.,Katy Perry,https://open.spotify.com/track/4kkeuVl6gF3RMqE4Nn5W3E,67,['pop']
0.364,0.752,2,-5.429,1,0.304,0.0007,0.0,0.318,0.606,79.119,5Qy6a5KzM4XlRxsNcGYhgH,https://api.spotify.com/v1/tracks/5Qy6a5KzM4XlRxsNcGYhgH,https://api.spotify.com/v1/audio-analysis/5Qy6a5KzM4XlRxsNcGYhgH,248587,4,6 Foot 7 Foot,Lil Wayne,https://open.spotify.com/track/5Qy6a5KzM4XlRxsNcGYhgH,74,"['hip hop', 'new orleans rap', 'pop rap', 'rap', 'trap']"
0.811,0.472,8,-13.446,0,0.0429,0.173,0.407,0.0969,0.822,131.983,40zaUOTsugX2NEBuJ6905s,https://api.spotify.com/v1/tracks/40zaUOTsugX2NEBuJ6905s,https://api.spotify.com/v1/audio-analysis/40zaUOTsugX2NEBuJ6905s,250909,4,Off and On,SALES,https://open.spotify.com/track/40zaUOTsugX2NEBuJ6905s,42,['orlando indie']
0.7,0.454,6,-8.15,1,0.0943,0.0372,0.0,0.162,0.62,184.956,2x1Up4aNJ9mpmiPFJ83MX3,https://api.spotify.com/v1/tracks/2x1Up4aNJ9mpmiPFJ83MX3,https://api.spotify.com/v1/audio-analysis/2x1Up4aNJ9mpmiPFJ83MX3,186781,4,Bedroom,Litany,https://open.spotify.com/track/2x1Up4aNJ9mpmiPFJ83MX3,61,"['indie electropop', 'indie poptimism', 'vapor soul']"
0.479,0.81,4,-3.949,1,0.0382,0.000127,3.91e-05,0.112,0.369,141.931,480rD34KfGbMaT0L6zjeIu,https://api.spotify.com/v1/tracks/480rD34KfGbMaT0L6zjeIu,https://api.spotify.com/v1/audio-analysis/480rD34KfGbMaT0L6zjeIu,182307,4,Pressure To Party,Julia Jacklin,https://open.spotify.com/track/480rD34KfGbMaT0L6zjeIu,60,"['chamber pop', 'countrygaze', 'indie pop', 'sydney indie']"
0.841,0.728,7,-3.37,1,0.0484,0.0847,0.0,0.149,0.43,130.049,6gBFPUFcJLzWGx4lenP6h2,https://api.spotify.com/v1/tracks/6gBFPUFcJLzWGx4lenP6h2,https://api.spotify.com/v1/audio-analysis/6gBFPUFcJLzWGx4lenP6h2,243837,4,goosebumps,Travis Scott,https://open.spotify.com/track/6gBFPUFcJLzWGx4lenP6h2,87,"['hip hop', 'rap', 'slap house']"
0.467,0.193,9,-17.711,1,0.0331,0.947,0.0965,0.0995,0.071,110.11,5tdtOKe2N9b2K20ajt3Y1f,https://api.spotify.com/v1/tracks/5tdtOKe2N9b2K20ajt3Y1f,https://api.spotify.com/v1/audio-analysis/5tdtOKe2N9b2K20ajt3Y1f,130908,5,Nostalgic Montage,Salami Rose Joe Louis,https://open.spotify.com/track/5tdtOKe2N9b2K20ajt3Y1f,51,['bedroom pop']
0.763,0.487,7,-10.009,1,0.0587,0.917,0.858,0.364,0.449,102.996,0ruEI2ogD9arTrjb2KjOGN,https://api.spotify.com/v1/tracks/0ruEI2ogD9arTrjb2KjOGN,https://api.spotify.com/v1/audio-analysis/0ruEI2ogD9arTrjb2KjOGN,242390,4,The Ali of Gardner,Blended Babies,https://open.spotify.com/track/0ruEI2ogD9arTrjb2KjOGN,31,[]
0.646,0.63,8,-10.748,0,0.0435,0.00462,0.27,0.122,0.164,109.018,7lPgKA5mLFNmGPMdb07OlM,https://api.spotify.com/v1/tracks/7lPgKA5mLFNmGPMdb07OlM,https://api.spotify.com/v1/audio-analysis/7lPgKA5mLFNmGPMdb07OlM,283067,4,Loud Places,Jamie xx,https://open.spotify.com/track/7lPgKA5mLFNmGPMdb07OlM,56,"['electronica', 'future garage', 'indie soul', 'indietronica']"
0.491,0.956,11,-1.538,1,0.392,0.0295,0.0,0.46,0.811,173.585,2igwFfvr1OAGX9SKDCPBwO,https://api.spotify.com/v1/tracks/2igwFfvr1OAGX9SKDCPBwO,https://api.spotify.com/v1/audio-analysis/2igwFfvr1OAGX9SKDCPBwO,276920,4,Empire State Of Mind,JAY-Z,https://open.spotify.com/track/2igwFfvr1OAGX9SKDCPBwO,85,"['east coast hip hop', 'gangster rap', 'hip hop', 'pop rap', 'rap']"
0.54,0.168,10,-11.773,1,0.0664,0.25,0.0281,0.258,0.163,97.793,4LIIWJjlXMftVKMQWUrxKO,https://api.spotify.com/v1/tracks/4LIIWJjlXMftVKMQWUrxKO,https://api.spotify.com/v1/audio-analysis/4LIIWJjlXMftVKMQWUrxKO,192042,4,Human,Sevdaliza,https://open.spotify.com/track/4LIIWJjlXMftVKMQWUrxKO,33,"['alternative r&b', 'art pop', 'escape room', 'persian electronic']"
0.622,0.411,1,-8.725,1,0.0327,0.551,0.0598,0.153,0.112,145.951,1v9qtgK17jvTgBUCLzMeIF,https://api.spotify.com/v1/tracks/1v9qtgK17jvTgBUCLzMeIF,https://api.spotify.com/v1/audio-analysis/1v9qtgK17jvTgBUCLzMeIF,245196,4,Hubris,Sevdaliza,https://open.spotify.com/track/1v9qtgK17jvTgBUCLzMeIF,17,"['alternative r&b', 'art pop', 'escape room', 'persian electronic']"
0.583,0.929,1,-5.106,1,0.198,0.00115,0.873,0.164,0.285,118.0,03X1SHRxnIb2jtjcQx54Et,https://api.spotify.com/v1/tracks/03X1SHRxnIb2jtjcQx54Et,https://api.spotify.com/v1/audio-analysis/03X1SHRxnIb2jtjcQx54Et,213159,4,Cursed,Gost,https://open.spotify.com/track/03X1SHRxnIb2jtjcQx54Et,46,['synthwave']
0.572,0.963,9,-2.031,1,0.147,5.49e-05,0.706,0.262,0.48,133.011,7pQeAmlwfruYGmr02T4LZ6,https://api.spotify.com/v1/tracks/7pQeAmlwfruYGmr02T4LZ6,https://api.spotify.com/v1/audio-analysis/7pQeAmlwfruYGmr02T4LZ6,302212,4,Commencement,Gost,https://open.spotify.com/track/7pQeAmlwfruYGmr02T4LZ6,29,['synthwave']
0.799,0.854,9,-4.882,1,0.095,0.0539,0.264,0.242,0.502,126.025,0IJQeY73GsMXqwA5EBzYuP,https://api.spotify.com/v1/tracks/0IJQeY73GsMXqwA5EBzYuP,https://api.spotify.com/v1/audio-analysis/0IJQeY73GsMXqwA5EBzYuP,172304,4,Keep Raving,Wax Motif,https://open.spotify.com/track/0IJQeY73GsMXqwA5EBzYuP,36,"['bass house', 'electro house', 'tech house']"
0.734,0.724,7,-6.935,0,0.165,0.0387,0.000772,0.303,0.501,101.967,1WfMi7xvOti8F4dSf7atd9,https://api.spotify.com/v1/tracks/1WfMi7xvOti8F4dSf7atd9,https://api.spotify.com/v1/audio-analysis/1WfMi7xvOti8F4dSf7atd9,203427,4,Radar (feat. HONNE),Whethan,https://open.spotify.com/track/1WfMi7xvOti8F4dSf7atd9,45,"['electropop', 'hyperpop', 'indie electropop', 'rage rap']"
0.699,0.882,4,-3.896,0,0.0311,0.00296,0.0544,0.13,0.657,120.016,6jg5SRvdGxvJ0DzNV0UqEK,https://api.spotify.com/v1/tracks/6jg5SRvdGxvJ0DzNV0UqEK,https://api.spotify.com/v1/audio-analysis/6jg5SRvdGxvJ0DzNV0UqEK,196813,4,Please Don't Go,Mike Posner,https://open.spotify.com/track/6jg5SRvdGxvJ0DzNV0UqEK,69,"['dance pop', 'pop', 'pop dance', 'pop rap']"
0.72,0.412,11,-8.687,0,0.223,0.196,0.0,0.342,0.179,114.408,5InOp6q2vvx0fShv3bzFLZ,https://api.spotify.com/v1/tracks/5InOp6q2vvx0fShv3bzFLZ,https://api.spotify.com/v1/audio-analysis/5InOp6q2vvx0fShv3bzFLZ,275840,4,Know Yourself,Drake,https://open.spotify.com/track/5InOp6q2vvx0fShv3bzFLZ,71,"['canadian hip hop', 'canadian pop', 'hip hop', 'pop rap', 'rap']"
0.579,0.522,1,-8.393,1,0.0993,0.761,1.41e-05,0.655,0.245,79.453,2RdEC8Ff83WkX7kDVCHseE,https://api.spotify.com/v1/tracks/2RdEC8Ff83WkX7kDVCHseE,https://api.spotify.com/v1/audio-analysis/2RdEC8Ff83WkX7kDVCHseE,296653,4,party 4 u,Charli XCX,https://open.spotify.com/track/2RdEC8Ff83WkX7kDVCHseE,57,"['art pop', 'candy pop', 'metropopolis', 'pop', 'uk pop']"
0.707,0.771,10,-4.246,1,0.038,0.036,6.87e-05,0.547,0.629,135.049,7Dexi5Z2IowCkHrnzlWysc,https://api.spotify.com/v1/tracks/7Dexi5Z2IowCkHrnzlWysc,https://api.spotify.com/v1/audio-analysis/7Dexi5Z2IowCkHrnzlWysc,149390,4,claws,Charli XCX,https://open.spotify.com/track/7Dexi5Z2IowCkHrnzlWysc,58,"['art pop', 'candy pop', 'metropopolis', 'pop', 'uk pop']"
0.657,0.597,11,-9.919,0,0.168,0.12,0.0,0.477,0.486,89.606,06UOL50QYtDR5l06ohu88m,https://api.spotify.com/v1/tracks/06UOL50QYtDR5l06ohu88m,https://api.spotify.com/v1/audio-analysis/06UOL50QYtDR5l06ohu88m,213622,4,I Know There's Gonna Be (Good Times),Jamie xx,https://open.spotify.com/track/06UOL50QYtDR5l06ohu88m,55,"['electronica', 'future garage', 'indie soul', 'indietronica']"
0.323,0.737,10,-4.008,1,0.0338,0.142,0.000162,0.163,0.155,113.26,1cKHdTo9u0ZymJdPGSh6nq,https://api.spotify.com/v1/tracks/1cKHdTo9u0ZymJdPGSh6nq,https://api.spotify.com/v1/audio-analysis/1cKHdTo9u0ZymJdPGSh6nq,241067,4,I Was Never There,The Weeknd,https://open.spotify.com/track/1cKHdTo9u0ZymJdPGSh6nq,88,"['canadian contemporary r&b', 'canadian pop', 'pop']"
0.532,0.874,9,-5.183,0,0.0482,0.00842,0.012,0.452,0.361,91.038,0U0ldCRmgCqhVvD6ksG63j,https://api.spotify.com/v1/tracks/0U0ldCRmgCqhVvD6ksG63j,https://api.spotify.com/v1/audio-analysis/0U0ldCRmgCqhVvD6ksG63j,258413,4,Nightcall,Kavinsky,https://open.spotify.com/track/0U0ldCRmgCqhVvD6ksG63j,76,['filter house']
0.583,0.829,1,-4.603,1,0.134,0.00864,0.0,0.0426,0.575,174.028,49FYlytm3dAAraYgpoJZux,https://api.spotify.com/v1/tracks/49FYlytm3dAAraYgpoJZux,https://api.spotify.com/v1/audio-analysis/49FYlytm3dAAraYgpoJZux,275987,4,Umbrella,Rihanna,https://open.spotify.com/track/49FYlytm3dAAraYgpoJZux,86,"['barbadian pop', 'pop', 'urban contemporary']"
0.418,0.672,0,-5.989,0,0.0429,0.00686,2.14e-06,0.277,0.353,82.134,5LJz7kmFhLqB53tmVWxig5,https://api.spotify.com/v1/tracks/5LJz7kmFhLqB53tmVWxig5,https://api.spotify.com/v1/audio-analysis/5LJz7kmFhLqB53tmVWxig5,88493,4,Goodnight Gotham,Rihanna,https://open.spotify.com/track/5LJz7kmFhLqB53tmVWxig5,54,"['barbadian pop', 'pop', 'urban contemporary']"
0.883,0.584,7,-2.102,0,0.0465,0.0392,4.39e-06,0.0869,0.784,144.975,6t90Z9XkdsHD8xMxro6KRP,https://api.spotify.com/v1/tracks/6t90Z9XkdsHD8xMxro6KRP,https://api.spotify.com/v1/audio-analysis/6t90Z9XkdsHD8xMxro6KRP,161067,4,Consideration,Rihanna,https://open.spotify.com/track/6t90Z9XkdsHD8xMxro6KRP,74,"['barbadian pop', 'pop', 'urban contemporary']"
0.484,0.624,0,-8.75,1,0.178,0.129,0.0317,0.0927,0.124,148.589,2ZPDsG5Ps3VUaXHEvsjxV6,https://api.spotify.com/v1/tracks/2ZPDsG5Ps3VUaXHEvsjxV6,https://api.spotify.com/v1/audio-analysis/2ZPDsG5Ps3VUaXHEvsjxV6,195093,4,Wide Awake,Petit Biscuit,https://open.spotify.com/track/2ZPDsG5Ps3VUaXHEvsjxV6,36,['new french touch']
0.781,0.728,1,-4.981,1,0.0621,0.0509,1.94e-06,0.257,0.395,102.99,0NTMtAO2BV4tnGvw9EgBVq,https://api.spotify.com/v1/tracks/0NTMtAO2BV4tnGvw9EgBVq,https://api.spotify.com/v1/audio-analysis/0NTMtAO2BV4tnGvw9EgBVq,219306,4,Bitch Better Have My Money,Rihanna,https://open.spotify.com/track/0NTMtAO2BV4tnGvw9EgBVq,79,"['barbadian pop', 'pop', 'urban contemporary']"
0.614,0.574,11,-7.961,1,0.466,0.0253,3.2e-05,0.38,0.755,125.173,5D2mYZuzcgjpchVY1pmTPh,https://api.spotify.com/v1/tracks/5D2mYZuzcgjpchVY1pmTPh,https://api.spotify.com/v1/audio-analysis/5D2mYZuzcgjpchVY1pmTPh,209107,5,Candy Shop,50 Cent,https://open.spotify.com/track/5D2mYZuzcgjpchVY1pmTPh,83,"['east coast hip hop', 'gangster rap', 'hip hop', 'pop rap', 'queens hip hop', 'rap']"
0.649,0.931,1,-3.15,0,0.181,0.0093,0.0,0.751,0.744,153.645,6btyEL6NwUa97Nex9cZFvo,https://api.spotify.com/v1/tracks/6btyEL6NwUa97Nex9cZFvo,https://api.spotify.com/v1/audio-analysis/6btyEL6NwUa97Nex9cZFvo,213067,4,Pump It,Black Eyed Peas,https://open.spotify.com/track/6btyEL6NwUa97Nex9cZFvo,71,"['dance pop', 'pop', 'pop rap']"
0.843,0.538,1,-8.028,1,0.0833,0.0273,0.0,0.124,0.428,97.49,1UMKquW1olreYO1LlLmTqi,https://api.spotify.com/v1/tracks/1UMKquW1olreYO1LlLmTqi,https://api.spotify.com/v1/audio-analysis/1UMKquW1olreYO1LlLmTqi,208160,4,Gas Pedal,Sage The Gemini,https://open.spotify.com/track/1UMKquW1olreYO1LlLmTqi,68,"['hyphy', 'pop rap', 'southern hip hop', 'trap']"
0.766,0.442,1,-8.558,1,0.356,0.000107,6.12e-05,0.111,0.39,201.8,4Kz4RdRCceaA9VgTqBhBfa,https://api.spotify.com/v1/tracks/4Kz4RdRCceaA9VgTqBhBfa,https://api.spotify.com/v1/audio-analysis/4Kz4RdRCceaA9VgTqBhBfa,181573,4,The Motto,Drake,https://open.spotify.com/track/4Kz4RdRCceaA9VgTqBhBfa,78,"['canadian hip hop', 'canadian pop', 'hip hop', 'pop rap', 'rap']"
0.829,0.428,0,-9.469,1,0.0831,0.056,0.00413,0.137,0.45,148.075,4P7VFiaZb3xrXoqGwZXC3J,https://api.spotify.com/v1/tracks/4P7VFiaZb3xrXoqGwZXC3J,https://api.spotify.com/v1/audio-analysis/4P7VFiaZb3xrXoqGwZXC3J,299333,4,Lollipop,Lil Wayne,https://open.spotify.com/track/4P7VFiaZb3xrXoqGwZXC3J,73,"['hip hop', 'new orleans rap', 'pop rap', 'rap', 'trap']"
0.774,0.75,11,-4.927,0,0.0412,0.00207,1.78e-05,0.0808,0.927,118.015,27L8sESb3KR79asDUBu8nW,https://api.spotify.com/v1/tracks/27L8sESb3KR79asDUBu8nW,https://api.spotify.com/v1/audio-analysis/27L8sESb3KR79asDUBu8nW,197987,4,Stacy's Mom,Fountains Of Wayne,https://open.spotify.com/track/27L8sESb3KR79asDUBu8nW,76,"['pop rock', 'power pop']"
0.512,0.817,7,-3.154,1,0.142,0.0505,0.0,0.0775,0.552,154.607,3ItzRpwvKtkDSNdRSjXu7Z,https://api.spotify.com/v1/tracks/3ItzRpwvKtkDSNdRSjXu7Z,https://api.spotify.com/v1/audio-analysis/3ItzRpwvKtkDSNdRSjXu7Z,215173,4,Chelsea Dagger,The Fratellis,https://open.spotify.com/track/3ItzRpwvKtkDSNdRSjXu7Z,65,"['garage rock', 'modern rock', 'scottish rock']"
0.699,0.883,5,-3.226,0,0.219,0.0288,0.0,0.817,0.499,127.961,3MOECVkNshqHYTPt5DZcdN,https://api.spotify.com/v1/tracks/3MOECVkNshqHYTPt5DZcdN,https://api.spotify.com/v1/audio-analysis/3MOECVkNshqHYTPt5DZcdN,211975,4,Five More Hours,Deorro,https://open.spotify.com/track/3MOECVkNshqHYTPt5DZcdN,74,"['dutch house', 'edm', 'electro house', 'melbourne bounce', 'melbourne bounce international', 'pop dance', 'progressive electro house']"
0.799,0.741,11,-8.002,1,0.0751,0.000738,0.174,0.0424,0.763,127.015,5m5fakBAdwwvwnMHWZYFdy,https://api.spotify.com/v1/tracks/5m5fakBAdwwvwnMHWZYFdy,https://api.spotify.com/v1/audio-analysis/5m5fakBAdwwvwnMHWZYFdy,219271,4,Go Deep,Wax Motif,https://open.spotify.com/track/5m5fakBAdwwvwnMHWZYFdy,15,"['bass house', 'electro house', 'tech house']"
0.926,0.964,3,-4.359,0,0.178,0.0039,0.0,0.132,0.793,124.976,7heDoIselh7glb6h6D8tPh,https://api.spotify.com/v1/tracks/7heDoIselh7glb6h6D8tPh,https://api.spotify.com/v1/audio-analysis/7heDoIselh7glb6h6D8tPh,184453,4,Karate,Kennedy,https://open.spotify.com/track/7heDoIselh7glb6h6D8tPh,29,[]
0.674,0.711,0,-15.581,1,0.0423,0.031,0.691,0.0925,0.961,126.696,1vCBk33l9HaWp5FOnhSGxk,https://api.spotify.com/v1/tracks/1vCBk33l9HaWp5FOnhSGxk,https://api.spotify.com/v1/audio-analysis/1vCBk33l9HaWp5FOnhSGxk,355173,4,I Feel Love,Donna Summer,https://open.spotify.com/track/1vCBk33l9HaWp5FOnhSGxk,58,"['disco', 'hi-nrg', 'new wave pop', 'soft rock']"
0.731,0.867,11,-5.881,1,0.032,0.0395,0.0,0.0861,0.776,104.019,3cfOd4CMv2snFaKAnMdnvK,https://api.spotify.com/v1/tracks/3cfOd4CMv2snFaKAnMdnvK,https://api.spotify.com/v1/audio-analysis/3cfOd4CMv2snFaKAnMdnvK,200373,4,All Star,Smash Mouth,https://open.spotify.com/track/3cfOd4CMv2snFaKAnMdnvK,82,"['pop rock', 'post-grunge']"
0.868,0.843,1,-5.53,1,0.226,0.0745,3.37e-06,0.0691,0.632,124.0,6MBHUC8RKxwNa4iztDXeJp,https://api.spotify.com/v1/tracks/6MBHUC8RKxwNa4iztDXeJp,https://api.spotify.com/v1/audio-analysis/6MBHUC8RKxwNa4iztDXeJp,141411,4,PO PO PULL UP,Albin Myers,https://open.spotify.com/track/6MBHUC8RKxwNa4iztDXeJp,53,"['electro house', 'progressive electro house']"
0.722,0.687,0,-5.189,1,0.0556,0.00949,0.00413,0.0462,0.619,128.013,5PX4uS1LqlWEPL69phPVQQ,https://api.spotify.com/v1/tracks/5PX4uS1LqlWEPL69phPVQQ,https://api.spotify.com/v1/audio-analysis/5PX4uS1LqlWEPL69phPVQQ,373627,4,Pursuit Of Happiness - Extended Steve Aoki Remix,Kid Cudi,https://open.spotify.com/track/5PX4uS1LqlWEPL69phPVQQ,76,"['hip hop', 'ohio hip hop', 'pop rap', 'rap']"
0.702,0.927,9,-7.224,1,0.0586,0.00893,0.809,0.153,0.0598,124.019,0SLhSNB33HGE30KzLciklR,https://api.spotify.com/v1/tracks/0SLhSNB33HGE30KzLciklR,https://api.spotify.com/v1/audio-analysis/0SLhSNB33HGE30KzLciklR,230323,4,The Promise,David Spinelli,https://open.spotify.com/track/0SLhSNB33HGE30KzLciklR,38,[]
0.688,0.892,10,-9.017,0,0.0382,0.0153,0.656,0.163,0.631,105.015,2IW7XrZtayFEbg4QLJQqYf,https://api.spotify.com/v1/tracks/2IW7XrZtayFEbg4QLJQqYf,https://api.spotify.com/v1/audio-analysis/2IW7XrZtayFEbg4QLJQqYf,199935,4,Goosebumps Theme Song (Unreleased Extended Version),Jack Lenz,https://open.spotify.com/track/2IW7XrZtayFEbg4QLJQqYf,30,['canadian soundtrack']
0.414,0.68,8,-3.328,1,0.0454,0.414,8.13e-05,0.0948,0.51,74.203,30afVBIbhnWYMU757iEleJ,https://api.spotify.com/v1/tracks/30afVBIbhnWYMU757iEleJ,https://api.spotify.com/v1/audio-analysis/30afVBIbhnWYMU757iEleJ,216818,4,Highest Building (feat. Oklou),Flume,https://open.spotify.com/track/30afVBIbhnWYMU757iEleJ,51,"['australian dance', 'australian electropop', 'australian indie', 'downtempo', 'edm', 'indietronica']"
0.812,0.824,2,-4.204,1,0.0563,0.0435,0.635,0.0334,0.67,125.038,6ZQkUkT1GlvHxM9bSAFs5a,https://api.spotify.com/v1/tracks/6ZQkUkT1GlvHxM9bSAFs5a,https://api.spotify.com/v1/audio-analysis/6ZQkUkT1GlvHxM9bSAFs5a,341280,4,Cicero,Rome in Silver,https://open.spotify.com/track/6ZQkUkT1GlvHxM9bSAFs5a,32,"['future bass', 'vapor twitch']"
0.854,0.71,4,-6.32,0,0.0795,0.0113,9.06e-05,0.166,0.818,106.893,6JymsaWDHk2Yj4e0yNBIFH,https://api.spotify.com/v1/tracks/6JymsaWDHk2Yj4e0yNBIFH,https://api.spotify.com/v1/audio-analysis/6JymsaWDHk2Yj4e0yNBIFH,214947,4,Jump Around,House Of Pain,https://open.spotify.com/track/6JymsaWDHk2Yj4e0yNBIFH,67,"['gangster rap', 'hip hop', 'rap rock', 'west coast rap']"
0.744,0.614,1,-3.908,0,0.0838,0.00685,0.334,0.0708,0.774,131.994,2idmlkd8oUaQvYEtINpLBX,https://api.spotify.com/v1/tracks/2idmlkd8oUaQvYEtINpLBX,https://api.spotify.com/v1/audio-analysis/2idmlkd8oUaQvYEtINpLBX,383547,4,Heads Will Roll - A-Trak Remix,Yeah Yeah Yeahs,https://open.spotify.com/track/2idmlkd8oUaQvYEtINpLBX,66,"['alternative dance', 'alternative rock', 'art pop', 'chamber pop', 'dance-punk', 'garage rock', 'indie rock', 'modern rock', 'neo-synthpop', 'new rave']"
0.797,0.105,1,-16.881,1,0.0969,0.885,0.000116,0.108,0.419,122.545,4fHDlIntTsRGSyTg5UYZYC,https://api.spotify.com/v1/tracks/4fHDlIntTsRGSyTg5UYZYC,https://api.spotify.com/v1/audio-analysis/4fHDlIntTsRGSyTg5UYZYC,183133,4,Banana Boat (Day-O),Harry Belafonte,https://open.spotify.com/track/4fHDlIntTsRGSyTg5UYZYC,70,['calypso']
0.611,0.00474,1,-20.41,1,0.0944,0.942,0.00571,0.366,0.139,107.637,01xuGNRnwbSGzt2z8428dM,https://api.spotify.com/v1/tracks/01xuGNRnwbSGzt2z8428dM,https://api.spotify.com/v1/audio-analysis/01xuGNRnwbSGzt2z8428dM,914373,4,Litanie 4,Champ d'Action,https://open.spotify.com/track/01xuGNRnwbSGzt2z8428dM,0,['modern performance']
0.437,0.526,11,-5.876,0,0.174,0.643,0.0,0.325,0.394,76.162,1rqduvolf1CVHSzY519bPp,https://api.spotify.com/v1/tracks/1rqduvolf1CVHSzY519bPp,https://api.spotify.com/v1/audio-analysis/1rqduvolf1CVHSzY519bPp,319959,4,Hello,Erykah Badu,https://open.spotify.com/track/1rqduvolf1CVHSzY519bPp,53,"['afrofuturism', 'alternative r&b', 'neo soul', 'r&b']"
0.228,0.626,6,-6.787,1,0.137,0.272,0.198,0.36,0.211,84.796,5VzFngamVe0VopupVkAcjK,https://api.spotify.com/v1/tracks/5VzFngamVe0VopupVkAcjK,https://api.spotify.com/v1/audio-analysis/5VzFngamVe0VopupVkAcjK,148267,4,You Are Love,Chrome Sparks,https://open.spotify.com/track/5VzFngamVe0VopupVkAcjK,38,"['chillwave', 'future garage', 'glitch hop', 'indietronica', 'shimmer psych', 'vapor twitch', 'wonky']"
0.67,0.702,6,-2.143,0,0.0941,0.0551,0.103,0.341,0.122,90.017,19Ml0EilJ56JSqQi56J7YB,https://api.spotify.com/v1/tracks/19Ml0EilJ56JSqQi56J7YB,https://api.spotify.com/v1/audio-analysis/19Ml0EilJ56JSqQi56J7YB,242667,4,Something New,Getter,https://open.spotify.com/track/19Ml0EilJ56JSqQi56J7YB,37,"['brostep', 'dark trap', 'filthstep']"
0.749,0.393,0,-11.272,1,0.205,0.161,0.664,0.139,0.183,179.955,6bUchdGcZj2k1iLjTHm6kR,https://api.spotify.com/v1/tracks/6bUchdGcZj2k1iLjTHm6kR,https://api.spotify.com/v1/audio-analysis/6bUchdGcZj2k1iLjTHm6kR,206370,4,Human Shape,Mindchatter,https://open.spotify.com/track/6bUchdGcZj2k1iLjTHm6kR,48,['proto-hyperpop']
0.651,0.503,1,-10.773,1,0.0381,0.00297,0.00783,0.112,0.398,89.993,0Zg4tjgfqw9qzq7lXX2sUM,https://api.spotify.com/v1/tracks/0Zg4tjgfqw9qzq7lXX2sUM,https://api.spotify.com/v1/audio-analysis/0Zg4tjgfqw9qzq7lXX2sUM,265893,4,Hazey,Glass Animals,https://open.spotify.com/track/0Zg4tjgfqw9qzq7lXX2sUM,56,"['gauze pop', 'indietronica', 'modern rock', 'pov: indie', 'shiver pop']"
0.556,0.281,1,-12.306,1,0.202,0.314,0.000162,0.107,0.13,104.13,06A5kmBLgRBqyGxfH1SZ4Y,https://api.spotify.com/v1/tracks/06A5kmBLgRBqyGxfH1SZ4Y,https://api.spotify.com/v1/audio-analysis/06A5kmBLgRBqyGxfH1SZ4Y,275281,3,Paranoia,Chance the Rapper,https://open.spotify.com/track/06A5kmBLgRBqyGxfH1SZ4Y,41,"['chicago rap', 'conscious hip hop', 'hip hop', 'pop rap', 'rap']"
0.541,0.739,8,-6.198,0,0.0843,0.00123,0.0283,0.448,0.212,118.903,1EFPehJv13my9zvLFzGE8Z,https://api.spotify.com/v1/tracks/1EFPehJv13my9zvLFzGE8Z,https://api.spotify.com/v1/audio-analysis/1EFPehJv13my9zvLFzGE8Z,104889,4,Ecdysis,Flume,https://open.spotify.com/track/1EFPehJv13my9zvLFzGE8Z,45,"['australian dance', 'australian electropop', 'australian indie', 'downtempo', 'edm', 'indietronica']"
0.807,0.758,10,-6.733,1,0.343,0.373,1.99e-06,0.123,0.564,150.014,1EI9qW9ycqUbKYV65dqUeu,https://api.spotify.com/v1/tracks/1EI9qW9ycqUbKYV65dqUeu,https://api.spotify.com/v1/audio-analysis/1EI9qW9ycqUbKYV65dqUeu,235897,4,Alive (with Offset & 2 Chainz),Lil Jon,https://open.spotify.com/track/1EI9qW9ycqUbKYV65dqUeu,29,"['atl hip hop', 'crunk', 'dance pop', 'dirty south rap', 'old school atlanta hip hop', 'pop rap', 'southern hip hop', 'trap']"
0.721,0.339,0,-11.195,1,0.0532,0.409,0.00153,0.0973,0.2,129.83,7DfFc7a6Rwfi3YQMRbDMau,https://api.spotify.com/v1/tracks/7DfFc7a6Rwfi3YQMRbDMau,https://api.spotify.com/v1/audio-analysis/7DfFc7a6Rwfi3YQMRbDMau,200747,4,Thinkin Bout You,Frank Ocean,https://open.spotify.com/track/7DfFc7a6Rwfi3YQMRbDMau,83,"['lgbtq+ hip hop', 'neo soul']"
0.575,0.386,9,-9.584,0,0.037,0.785,0.000289,0.229,0.466,116.408,2ZWlPOoWh0626oTaHrnl2a,https://api.spotify.com/v1/tracks/2ZWlPOoWh0626oTaHrnl2a,https://api.spotify.com/v1/audio-analysis/2ZWlPOoWh0626oTaHrnl2a,249191,4,Ivy,Frank Ocean,https://open.spotify.com/track/2ZWlPOoWh0626oTaHrnl2a,83,"['lgbtq+ hip hop', 'neo soul']"
0.701,0.417,6,-7.818,0,0.0329,0.0888,0.000648,0.375,0.186,95.003,4YZbVct8l9MnAVIROnLQdx,https://api.spotify.com/v1/tracks/4YZbVct8l9MnAVIROnLQdx,https://api.spotify.com/v1/audio-analysis/4YZbVct8l9MnAVIROnLQdx,194840,4,Forrest Gump,Frank Ocean,https://open.spotify.com/track/4YZbVct8l9MnAVIROnLQdx,70,"['lgbtq+ hip hop', 'neo soul']"
